LSOA Code,Number of households,Number of households in fuel poverty,Proportion of households fuel poor (%),Anti-social behaviour,Bicycle theft,Burglary,Criminal damage and arson,Drugs,Other crime,Other theft,Possession of weapons,Public order,Robbery,Shoplifting,Theft from the person,Vehicle crime,Violence and sexual offences
E01020607, 839 ,81,9.7,11,0,0,0,0,0,0,0,0,0,0,0,0,0
E01005410, 643 ,65,15.1,4,0,0,0,1,0,0,0,0,0,0,0,1,0
E01005448, 765 ,161,22.1,0,0,0,0,0,0,0,0,1,0,0,0,0,0
E01025180, 832 ,133,13.2,1,0,0,0,0,0,0,0,0,0,0,0,0,0
E01005561, 668 ,92,16.5,0,0,0,0,0,0,0,0,1,0,0,0,0,0
E01007329, 658 ,93,14.1,0,0,0,0,0,0,0,0,1,0,0,0,0,0
E01007359, 675 ,115,17.0,1,0,1,0,0,0,2,0,1,0,0,0,0,0
E01007328, 875 ,168,19.2,0,0,0,0,0,0,0,0,1,0,0,0,0,1
E01007442, 679 ,67,9.9,1,0,0,0,0,0,0,0,0,0,0,0,0,0
E01007418, 623 ,112,18.0,0,0,0,0,0,0,0,0,1,0,0,1,0,0
E01007426, 837 ,130,15.5,0,0,2,0,0,0,0,0,2,0,0,0,0,0
E01010646, 691 ,88,12.7,3,0,3,5,3,0,9,0,7,0,4,0,1,26
E01010647, 540 ,80,14.8,4,0,1,2,0,0,1,0,4,0,0,1,1,16
E01010648, 677 ,88,13.0,0,0,3,5,0,0,1,0,0,0,0,0,1,8
E01010692, 931 ,99,10.6,28,1,6,5,4,3,5,1,29,2,11,2,14,49
E01010691, 698 ,79,11.3,14,1,5,5,3,2,2,3,7,0,0,1,8,24
E01010693, 587 ,58,9.9,1,0,6,1,0,1,5,0,1,0,0,0,3,9
E01010694, 648 ,79,12.2,15,0,9,8,2,1,4,1,14,1,0,0,7,23
E01010695, 872 ,138,15.8,48,4,6,38,0,3,18,1,44,1,61,2,9,80
E01010696, 641 ,73,11.4,6,0,7,5,1,0,1,0,14,0,1,0,7,33
E01010697, 659 ,75,11.4,2,2,9,14,0,2,2,0,2,0,0,1,11,19
E01010698, 982 ,144,14.7,20,1,12,30,0,2,22,1,23,0,55,1,15,68
E01010699, 914 ,116,12.7,17,0,8,12,1,7,10,1,15,0,2,0,10,66
E01010767, 654 ,69,10.6,3,0,3,13,2,0,7,0,12,0,0,0,2,35
E01010768, 663 ,63,9.5,5,0,5,3,1,1,5,1,4,0,0,0,3,8
E01010769, 763 ,119,15.6,11,0,4,9,3,3,4,1,10,1,5,0,6,24
E01010771, 510 ,48,9.4,2,0,3,3,0,1,6,0,0,0,0,0,7,7
E01010770, 700 ,66,9.4,1,1,14,3,0,0,0,0,1,0,0,0,5,19
E01010772, 523 ,50,9.6,0,0,6,1,0,1,1,0,1,0,0,0,1,4
E01010773, 703 ,82,11.7,8,1,6,4,0,0,5,1,12,1,2,0,11,32
E01010774, 772 ,84,10.9,1,0,12,2,0,1,1,0,6,1,0,0,5,22
E01010706, 724 ,91,12.6,1,0,9,3,0,0,3,0,1,0,0,0,6,19
E01010707, 814 ,105,12.9,12,0,6,4,5,4,6,0,11,0,0,0,4,52
E01010708, 659 ,135,20.5,9,0,2,3,7,2,12,0,18,1,6,0,5,56
E01010709," 1,087 ",107,9.8,8,0,11,10,3,3,8,1,22,1,0,1,9,78
E01010719, 533 ,177,33.2,20,1,3,15,6,3,6,3,15,0,1,1,6,83
E01010727, 772 ,113,14.6,19,1,12,17,7,13,9,1,20,1,0,3,5,74
E01010728, 531 ,162,30.5,31,1,5,23,6,4,13,3,29,1,0,0,7,138
E01010729, 505 ,61,12.1,10,0,4,5,6,0,0,1,16,0,0,0,1,66
E01010700, 479 ,195,40.7,26,1,4,22,13,6,19,5,57,2,42,3,12,174
E01010701, 450 ,163,36.2,16,3,1,18,4,3,14,6,33,1,0,0,7,116
E01010702, 512 ,160,31.3,31,1,5,16,11,16,12,1,26,2,9,2,5,104
E01010703, 667 ,151,22.6,15,0,8,14,2,5,9,1,21,1,3,0,7,100
E01010704, 626 ,120,19.2,36,0,8,26,9,4,15,3,45,2,3,0,6,125
E01010705, 700 ,89,12.7,8,0,5,9,1,3,4,0,8,0,0,1,2,39
E01010710, 963 ,332,34.5,142,11,42,82,52,34,109,19,292,24,272,30,35,633
E01010712, 490 ,203,41.4,26,0,6,29,16,7,13,1,39,0,1,0,6,143
E01010720, 646 ,140,21.7,27,0,8,30,4,4,16,4,38,1,1,1,5,154
E01010721, 831 ,140,16.8,89,1,14,29,4,5,16,3,58,2,4,1,9,229
E01010723, 507 ,205,40.4,11,0,5,16,8,8,12,1,29,2,1,1,7,118
E01010724, 631 ,139,22.0,14,0,6,23,2,4,11,0,38,1,0,1,9,131
E01010725, 710 ,166,23.4,7,0,8,19,1,4,2,0,23,2,0,0,3,103
E01010579, 656 ,65,9.9,2,0,8,5,0,1,1,1,4,1,0,0,6,21
E01010580," 1,083 ",86,7.9,10,0,10,4,0,0,8,0,3,0,1,0,7,35
E01010764, 709 ,89,12.6,4,0,16,2,2,0,2,0,3,0,0,1,10,14
E01010765," 1,135 ",134,11.8,10,0,18,10,2,3,11,0,23,0,0,0,10,89
E01010766, 552 ,40,7.2,2,0,1,0,0,2,3,0,0,0,0,0,0,11
E01010711, 889 ,206,23.2,14,0,18,36,10,7,14,4,50,2,1,1,10,204
E01010713, 671 ,129,19.2,65,1,6,36,2,11,9,2,18,1,0,1,9,131
E01010714, 641 ,153,23.9,13,0,8,19,4,4,11,1,23,2,4,3,10,76
E01010716, 971 ,166,17.1,35,1,17,16,9,6,14,0,27,2,3,3,16,154
E01010715, 480 ,77,16.0,9,0,2,11,2,11,5,2,27,1,0,1,2,108
E01010717, 711 ,145,20.4,15,1,6,13,0,5,8,3,21,2,7,0,7,121
E01010718, 675 ,103,15.3,19,1,10,34,5,14,11,3,77,1,4,3,7,156
E01010726, 628 ,65,10.4,6,0,5,7,3,1,4,1,8,0,0,0,0,50
E01010859, 800 ,89,11.1,3,0,4,9,0,1,7,0,22,0,0,0,2,69
E01010573, 836 ,78,9.3,16,0,8,8,3,2,14,1,9,0,0,0,8,32
E01010574, 656 ,74,11.3,7,0,8,4,1,0,0,0,7,0,4,0,1,30
E01010575, 781 ,97,12.4,15,0,7,11,2,4,2,0,9,0,5,0,3,28
E01010577, 677 ,78,11.5,8,0,3,4,0,1,3,0,4,0,1,0,10,33
E01010722, 662 ,136,20.5,22,0,6,17,1,2,5,0,17,0,0,1,8,89
E01010860, 758 ,115,15.2,11,0,9,7,0,1,4,0,25,0,8,1,16,47
E01010862, 746 ,89,11.9,6,0,4,6,0,3,5,1,7,0,0,0,4,49
E01010863, 630 ,71,11.3,3,0,7,4,0,1,4,0,8,1,0,0,11,31
E01010578, 792 ,105,13.3,19,0,6,24,6,2,18,3,58,3,37,6,21,118
E01010581, 721 ,91,12.6,9,1,6,14,0,1,2,0,12,0,0,0,3,51
E01010582, 762 ,114,15.0,15,0,16,16,4,4,4,0,19,0,2,0,5,73
E01010584, 933 ,119,12.8,15,1,9,12,9,1,10,2,12,4,0,0,8,73
E01010585," 1,065 ",136,12.8,30,0,11,19,11,7,12,2,40,5,7,1,6,116
E01010568, 848 ,94,11.1,4,1,7,6,1,5,11,0,11,0,0,0,8,61
E01010569, 864 ,131,15.2,39,3,8,27,0,8,11,1,37,1,2,1,11,142
E01010571, 960 ,94,9.8,31,3,32,46,5,6,16,5,40,1,16,0,36,130
E01010572, 694 ,101,14.6,1,2,8,6,1,2,2,0,7,1,0,0,9,25
E01010576, 684 ,65,9.5,7,0,3,5,0,1,2,0,5,0,0,0,7,14
E01010683," 1,074 ",79,7.4,13,1,5,9,6,6,6,0,21,3,4,1,19,38
E01010684, 685 ,88,12.8,18,0,3,12,1,3,6,3,13,1,1,1,8,48
E01010685, 800 ,100,12.5,30,2,9,16,0,4,14,2,33,1,0,1,16,106
E01010686, 798 ,80,10.0,10,0,8,10,1,4,5,0,11,1,0,1,8,34
E01010570, 601 ,43,7.2,8,0,6,3,0,3,1,0,14,0,0,0,2,18
E01010583, 600 ,85,14.2,33,0,11,22,5,3,20,6,39,2,0,5,8,122
E01010784, 800 ,158,19.8,16,0,9,24,7,6,6,0,36,0,1,1,21,111
E01010785, 890 ,153,17.2,10,2,8,10,4,0,18,0,19,1,7,0,6,47
E01010786, 567 ,65,11.5,9,0,8,10,1,0,2,0,5,0,0,0,13,43
E01010790, 623 ,72,11.6,4,0,2,1,0,2,2,0,4,0,1,0,2,11
E01010680, 878 ,95,10.8,100,1,20,67,4,10,15,4,63,7,7,0,18,182
E01010681, 589 ,30,5.1,8,0,5,6,0,0,0,0,3,0,0,0,7,16
E01010682, 703 ,110,15.6,31,1,15,40,7,13,10,2,50,2,37,1,10,120
E01010687, 757 ,46,6.1,13,0,12,8,1,3,5,1,16,1,0,0,7,35
E01010688, 872 ,125,14.3,39,2,11,47,3,3,12,6,49,5,2,0,34,144
E01010689, 900 ,104,11.6,25,0,7,31,2,7,13,0,42,1,25,1,27,69
E01010690, 879 ,113,12.9,28,1,13,45,4,4,13,2,52,1,20,1,16,84
E01010782," 1,127 ",177,15.7,59,4,28,51,14,12,30,3,111,5,30,5,19,245
E01010787, 709 ,90,12.7,11,0,5,13,4,4,5,0,37,2,6,0,7,55
E01010788, 598 ,106,17.7,20,2,11,11,5,5,5,3,32,2,30,4,11,69
E01033689, 871 ,94,10.8,55,2,34,54,9,9,38,6,140,7,50,7,24,264
E01033694, 585 ,95,16.2,11,1,9,13,7,3,9,1,30,1,2,0,7,42
E01010776, 702 ,112,16.0,21,0,8,19,4,5,12,3,32,2,0,2,20,137
E01010777, 800 ,150,18.8,23,1,29,44,5,4,19,3,47,4,1,3,7,209
E01010779, 787 ,136,17.3,48,0,8,20,4,8,18,2,27,0,0,3,11,100
E01010781, 637 ,118,18.5,78,0,13,21,5,9,11,1,14,5,0,1,19,65
E01010783, 700 ,109,15.6,13,0,6,8,4,4,5,0,22,1,4,0,6,51
E01010586, 762 ,84,11.0,2,0,7,3,0,0,4,0,6,0,0,0,4,20
E01010587, 913 ,103,11.3,13,0,22,2,4,3,12,0,17,0,1,0,8,66
E01010588, 696 ,83,11.9,8,0,10,8,1,3,2,2,18,0,0,1,6,79
E01010589, 664 ,87,13.1,0,0,0,7,0,3,4,0,4,0,0,0,3,13
E01010591, 726 ,89,12.3,9,0,4,8,2,2,3,2,14,0,1,1,7,73
E01010593, 798 ,99,12.4,5,0,8,8,0,7,1,1,13,0,27,0,5,50
E01010596, 656 ,73,11.1,19,0,8,9,9,4,13,2,28,1,0,1,11,51
E01010854, 869 ,173,19.9,11,0,5,8,4,3,8,1,18,0,0,0,17,89
E01010855, 752 ,137,18.2,13,0,9,6,1,1,9,0,20,0,0,0,15,54
E01010856, 773 ,158,20.4,38,1,7,43,3,4,14,0,18,1,58,0,24,67
E01010857, 757 ,120,15.9,10,0,13,10,2,2,10,1,10,0,1,0,19,38
E01010858, 749 ,159,21.2,7,0,4,13,1,1,4,0,12,0,7,0,11,38
E01010861, 796 ,93,11.7,2,0,10,4,1,0,1,0,7,1,0,0,7,41
E01010603, 650 ,93,14.3,21,0,8,36,3,6,4,0,21,1,12,0,4,86
E01010604, 786 ,103,13.1,37,0,10,27,8,2,33,1,27,1,5,1,10,59
E01010605, 675 ,154,22.8,12,0,4,17,1,7,15,1,37,1,2,1,13,137
E01010775, 725 ,81,11.2,11,0,6,9,2,2,1,1,18,0,0,1,1,49
E01010778, 829 ,141,17.0,18,1,8,28,2,10,20,1,23,1,3,3,11,129
E01010789, 699 ,142,20.3,18,1,22,3,9,4,14,3,22,1,0,2,3,78
E01010791, 538 ,115,21.4,18,0,3,7,3,6,7,0,22,0,0,1,8,71
E01010792, 622 ,187,30.1,27,1,7,23,8,8,20,3,30,1,1,3,10,175
E01010793, 603 ,152,25.2,12,0,5,15,4,7,11,0,28,4,2,2,7,121
E01010652, 816 ,99,12.1,16,4,7,17,2,1,11,1,30,1,0,1,23,116
E01010653, 861 ,138,16.0,80,0,16,57,10,15,22,1,55,1,8,1,30,185
E01010655, 593 ,131,22.1,73,0,8,51,6,10,74,4,58,3,22,1,15,149
E01010656, 639 ,93,14.6,14,0,9,22,2,1,11,0,26,2,0,0,12,53
E01010657, 689 ,146,21.2,22,0,5,22,1,0,9,1,16,0,0,2,12,58
E01010649, 686 ,113,16.5,30,3,8,35,4,7,12,1,18,0,10,0,25,103
E01010650, 756 ,193,25.5,36,1,18,49,7,16,16,2,61,3,3,5,20,221
E01010654, 689 ,141,20.5,99,2,20,66,9,6,55,3,76,5,68,2,18,202
E01010826, 547 ,118,21.6,59,1,28,88,6,14,18,1,59,4,0,0,24,170
E01010597, 640 ,90,14.1,28,1,12,24,8,8,16,1,28,1,0,0,11,80
E01010598, 659 ,102,15.5,18,0,7,6,7,6,7,3,22,0,8,1,10,98
E01010599, 476 ,77,16.2,5,0,2,16,12,8,10,1,20,2,6,0,11,76
E01010600, 491 ,95,19.3,3,0,1,15,5,1,5,1,23,0,0,2,3,60
E01010602, 674 ,126,18.7,16,1,6,20,4,1,10,0,19,2,0,1,13,92
E01010670, 474 ,142,30.0,21,0,10,9,2,4,7,2,22,1,0,0,15,105
E01010671, 528 ,121,22.9,7,0,3,13,3,7,11,0,32,2,2,1,2,85
E01010673, 502 ,168,33.5,16,2,1,15,9,7,16,1,25,4,1,3,9,114
E01010675, 661 ,138,20.9,9,0,10,15,5,9,16,2,24,2,0,2,13,78
E01010669, 669 ,158,23.6,19,0,7,27,6,9,26,2,28,2,5,0,14,164
E01010674, 659 ,172,26.1,24,1,6,26,7,3,17,2,39,2,0,1,11,163
E01010805, 524 ,125,23.9,24,0,5,25,4,6,16,1,49,1,0,3,13,263
E01033898, 468 ,125,26.7,0,0,0,0,0,0,0,0,0,0,0,0,0,7
E01033899, 489 ,157,32.1,0,0,0,0,0,0,0,0,0,0,0,0,0,2
E01010590, 954 ,142,14.9,15,1,16,8,1,4,7,1,20,0,1,1,12,55
E01010592, 797 ,119,14.9,21,3,5,7,1,2,6,0,23,0,1,2,11,62
E01010594, 728 ,127,17.4,15,0,10,12,4,3,11,0,22,0,0,0,5,51
E01010595, 977 ,212,21.7,38,1,10,48,7,6,17,1,33,1,2,1,27,136
E01010601, 788 ,140,17.8,14,4,7,17,3,8,8,3,29,6,0,2,14,113
E01010651, 658 ,91,13.8,19,0,7,21,5,2,8,0,34,1,36,2,7,58
E01010825, 591 ,84,14.2,16,1,12,37,1,4,11,0,17,1,0,1,6,83
E01010827, 576 ,127,22.0,27,1,11,26,4,7,8,2,18,1,0,1,15,93
E01010804, 501 ,142,28.3,5,0,2,12,5,3,6,0,11,0,0,0,15,99
E01010806, 515 ,128,24.9,27,0,5,25,12,6,34,2,88,0,11,16,36,162
E01010807, 889 ,237,26.7,40,1,3,23,6,5,17,2,36,2,0,1,10,143
E01010808, 567 ,211,37.2,10,0,2,12,5,6,10,0,25,2,1,2,10,127
E01010809, 505 ,189,37.4,17,0,1,21,10,7,19,3,61,6,6,6,10,144
E01010676, 582 ,199,34.2,8,2,3,13,11,12,13,2,26,0,1,2,7,114
E01010679, 630 ,234,37.1,29,2,4,44,8,6,21,2,45,4,1,6,16,228
E01010824, 764 ,203,26.6,23,3,17,27,22,8,41,11,65,4,66,2,17,290
E01010840, 554 ,163,29.4,13,0,3,16,7,8,14,3,36,1,3,2,10,106
E01010841, 504 ,185,36.7,10,0,9,19,4,5,8,0,46,2,2,1,13,127
E01010828, 748 ,213,28.5,31,1,18,20,12,7,20,2,26,2,6,1,19,141
E01010829, 625 ,176,28.2,44,0,9,32,9,4,18,1,23,2,0,1,14,146
E01010830, 792 ,244,30.8,68,1,23,47,11,11,40,3,72,6,69,6,26,232
E01010831, 646 ,187,28.9,28,0,6,34,6,12,16,6,29,1,0,0,14,136
E01010832, 607 ,150,24.7,67,0,14,27,10,5,13,4,16,4,0,1,18,122
E01010672, 565 ,55,9.7,4,0,6,10,1,3,6,0,14,0,0,1,13,34
E01010678, 571 ,68,11.9,7,0,4,4,0,0,6,1,9,0,2,0,5,45
E01010799, 682 ,134,19.6,33,0,8,19,7,8,13,0,41,1,13,2,12,114
E01010800, 723 ,162,22.4,23,0,8,28,13,8,13,2,31,1,1,1,10,154
E01010801, 663 ,144,21.7,20,1,8,26,5,5,7,1,24,1,45,2,7,140
E01010802, 804 ,126,15.7,16,0,15,21,5,9,16,2,37,2,2,4,11,112
E01010803, 588 ,240,40.8,33,1,4,15,13,4,13,0,26,2,1,2,5,129
E01010810, 575 ,162,28.2,8,1,3,5,7,14,6,0,23,0,0,1,11,98
E01010811, 606 ,240,39.6,5,0,0,2,2,1,1,0,2,0,0,0,4,51
E01010813, 543 ,173,31.9,20,0,9,33,17,17,24,5,53,8,0,6,11,212
E01010618, 533 ,199,37.3,22,3,6,34,5,3,10,2,33,3,66,2,18,136
E01010619, 543 ,180,33.1,13,0,0,16,8,5,10,0,24,1,0,2,21,114
E01010625, 528 ,171,32.4,23,0,8,25,9,8,99,3,38,3,10,2,23,139
E01010626, 540 ,164,30.4,29,0,6,19,6,8,6,1,14,0,0,0,11,101
E01010627, 550 ,200,36.4,46,4,16,43,18,13,138,7,83,4,43,2,28,168
E01010628, 695 ,136,19.6,56,1,7,25,8,9,12,3,20,2,2,2,5,157
E01010629, 658 ,107,16.3,27,0,8,10,9,10,11,1,24,3,6,0,4,97
E01010630, 692 ,136,19.7,18,4,9,17,10,6,11,1,27,2,0,2,12,96
E01010631, 563 ,95,16.9,13,0,7,20,4,3,7,2,13,2,0,0,3,90
E01010632, 576 ,114,19.8,17,0,13,27,11,8,14,2,40,2,0,4,5,208
E01010658, 627 ,151,24.1,27,0,7,23,8,11,14,3,55,1,23,1,16,161
E01010812, 641 ,256,39.9,12,1,6,22,8,9,19,1,26,3,1,1,11,142
E01010833, 609 ,227,37.3,49,6,15,34,19,11,147,7,99,13,114,12,41,202
E01010843, 471 ,155,32.9,4,1,7,12,7,4,4,4,30,2,1,2,11,103
E01010620, 574 ,256,44.6,27,1,9,27,21,12,26,2,52,4,2,5,17,142
E01010621, 557 ,192,34.5,6,1,0,15,6,9,11,1,17,0,0,1,9,79
E01010622, 691 ,323,46.7,68,1,6,30,11,8,19,3,49,4,0,1,13,247
E01010623, 582 ,184,31.6,18,2,15,28,7,6,16,2,41,6,2,1,16,140
E01010624, 601 ,230,38.3,25,3,6,25,8,5,14,0,27,2,0,2,13,120
E01010794, 823 ,103,12.5,27,1,10,24,5,11,47,1,33,1,4,3,17,150
E01010795, 864 ,142,16.4,13,0,12,17,4,8,15,2,12,1,36,3,16,100
E01010796, 733 ,135,18.4,12,0,11,11,4,5,11,1,26,1,4,1,16,97
E01010797, 596 ,68,11.4,10,0,4,24,2,3,10,0,23,0,0,1,5,60
E01010798, 738 ,160,21.7,11,2,8,17,3,6,13,4,41,2,15,1,10,105
E01010834, 810 ,393,48.5,48,10,48,80,51,29,110,16,189,26,26,34,45,706
E01010836, 565 ,250,44.2,23,1,9,18,12,8,14,1,21,2,0,4,13,103
E01010837, 526 ,183,34.8,23,1,8,18,4,2,8,3,14,1,0,0,12,128
E01010838, 592 ,258,43.6,15,0,12,31,10,8,14,1,34,0,0,6,10,151
E01010839, 548 ,251,45.8,19,1,13,35,18,10,28,2,41,9,2,28,9,159
E01033900, 422 ,176,41.7,0,0,0,0,1,0,0,0,0,0,0,0,0,0
E01010608, 496 ,201,40.5,12,1,6,23,13,18,26,5,43,1,3,3,15,180
E01010613, 723 ,212,29.3,41,5,18,56,20,12,36,6,74,7,3,2,32,187
E01010730, 689 ,135,19.6,46,0,24,119,241,23,53,14,235,7,13,6,21,441
E01010734, 506 ,220,43.5,80,5,12,56,11,6,47,3,67,4,44,4,19,184
E01010609, 713 ,162,22.7,48,5,19,46,14,11,21,4,47,4,7,0,28,191
E01010610, 912 ,193,21.2,30,1,8,89,15,8,32,4,65,5,0,2,29,242
E01010611, 919 ,166,18.1,45,2,14,61,20,12,33,3,68,5,5,1,49,241
E01010614, 621 ,153,24.6,20,3,14,36,13,32,7,3,38,0,2,5,23,159
E01010633, 695 ,112,16.1,15,2,7,27,4,5,6,2,34,2,8,0,9,72
E01010634, 675 ,83,12.3,37,1,5,21,0,4,7,0,10,1,0,1,6,38
E01010635, 681 ,123,18.1,29,0,16,36,2,4,22,2,37,1,0,1,11,173
E01010636, 760 ,103,13.6,14,0,13,32,0,5,21,0,26,0,0,1,13,133
E01010637, 590 ,124,21.0,19,2,7,11,3,4,5,0,16,0,0,1,12,70
E01010731, 657 ,277,42.2,11,2,18,43,29,6,13,12,35,11,0,8,14,166
E01010732, 477 ,126,26.4,20,1,11,29,12,9,79,2,37,6,5,2,8,122
E01010733, 595 ,156,26.2,18,5,20,40,4,5,50,5,34,2,6,4,13,199
E01010736, 642 ,279,43.5,53,4,18,41,19,4,30,3,46,7,2,5,6,183
E01010737, 540 ,210,38.9,36,0,13,34,5,10,20,1,35,4,0,2,4,135
E01010659, 638 ,187,29.3,36,0,14,35,12,12,17,2,47,6,0,2,9,194
E01010662, 515 ,85,16.5,26,1,19,17,6,3,11,1,40,2,58,2,5,85
E01010664, 550 ,81,14.7,7,1,5,6,1,2,2,0,18,1,0,0,4,55
E01010761, 698 ,113,16.2,20,0,5,11,5,3,29,1,30,0,4,0,10,83
E01033695, 758 ,70,9.2,11,1,5,18,2,3,8,0,19,2,4,0,33,74
E01033696, 714 ,74,10.4,3,1,2,9,1,2,7,1,6,0,0,0,11,80
E01033697, 823 ,300,36.5,29,4,22,33,13,8,19,6,53,5,1,3,13,196
E01010663, 693 ,289,41.7,59,2,11,47,13,7,37,8,66,4,24,9,13,204
E01010665, 642 ,148,23.1,15,2,4,19,8,8,18,1,27,1,16,1,11,85
E01010666, 710 ,244,34.4,29,3,13,42,12,6,25,4,52,1,1,4,10,177
E01010667, 618 ,207,33.5,16,0,6,12,7,2,7,2,19,1,0,0,10,91
E01010735, 565 ,188,33.3,53,1,11,49,10,16,20,3,44,3,2,3,12,169
E01010738, 590 ,229,38.8,31,2,11,16,7,5,17,4,26,5,0,1,5,90
E01010739, 650 ,229,35.2,23,2,7,39,9,5,9,4,52,3,0,5,14,178
E01010740, 552 ,174,31.5,21,1,4,16,9,6,9,2,17,3,0,2,10,82
E01010744, 484 ,153,31.6,30,2,6,13,5,2,9,1,25,6,1,0,7,103
E01010612, 610 ,134,22.0,55,0,6,66,14,14,19,8,54,3,0,1,17,243
E01010819, 677 ,177,26.1,32,0,13,81,13,4,28,2,48,2,0,0,13,196
E01010820, 636 ,149,23.4,33,0,13,36,5,11,16,0,47,6,7,2,5,162
E01010821, 812 ,146,18.0,33,3,15,115,17,19,29,3,60,9,2,1,28,231
E01010822, 561 ,116,20.7,10,0,22,45,7,4,10,4,43,4,0,1,5,162
E01010615, 559 ,106,19.0,38,2,11,46,15,6,27,5,43,8,15,4,25,143
E01010616, 621 ,157,25.3,35,3,11,26,5,8,16,1,48,2,1,2,18,153
E01010742, 597 ,200,33.5,30,0,10,24,17,11,18,0,43,3,0,0,16,158
E01010743, 649 ,193,29.7,42,1,13,20,13,6,11,3,25,3,0,3,8,98
E01010847, 712 ,147,20.6,16,1,7,29,3,4,7,0,29,1,19,0,28,114
E01010848, 686 ,151,22.0,27,2,4,12,4,1,14,2,18,4,5,1,26,59
E01010852, 725 ,177,24.4,15,0,9,17,4,4,4,2,11,2,2,2,12,71
E01010853, 511 ,85,16.6,7,1,3,6,4,6,6,1,7,3,0,0,22,55
E01010668, 513 ,74,14.4,6,0,9,11,2,2,2,0,11,1,0,1,13,40
E01010755, 754 ,192,25.5,23,1,8,32,7,10,12,1,43,2,2,1,22,194
E01010762, 635 ,138,21.7,19,1,5,21,19,7,10,1,27,3,1,3,17,118
E01010763, 665 ,110,16.5,4,2,7,9,5,3,9,0,26,1,0,2,14,71
E01010846, 883 ,152,17.2,35,0,18,24,10,5,10,1,24,3,5,1,33,129
E01010745, 631 ,198,31.4,63,0,9,53,12,7,66,5,48,9,26,2,18,174
E01010747, 666 ,126,18.9,12,1,15,12,11,4,9,1,21,0,3,3,13,85
E01010748, 718 ,149,20.8,6,2,13,26,9,5,9,0,31,1,0,0,8,129
E01010749, 657 ,156,23.7,17,0,15,21,5,4,13,3,36,2,0,1,12,112
E01010814, 820 ,211,25.7,59,2,16,51,14,16,33,3,57,8,39,3,22,208
E01010815, 995 ,186,18.7,40,3,9,65,11,20,20,3,64,6,17,4,27,257
E01010816, 816 ,89,10.9,28,1,18,20,6,13,34,2,26,1,1,0,24,116
E01010817," 1,006 ",145,14.4,33,0,12,59,7,12,19,1,31,1,0,3,12,189
E01010818, 816 ,101,12.4,27,0,14,19,9,7,17,1,19,1,7,0,36,83
E01010752, 974 ,188,19.3,22,3,7,29,9,10,16,4,47,3,3,3,18,142
E01010753, 634 ,76,12.0,7,0,4,3,0,0,1,0,4,0,0,0,6,24
E01010754, 703 ,90,12.8,8,0,4,10,2,0,4,0,17,0,8,0,10,67
E01010756, 771 ,120,15.6,22,1,12,21,3,10,6,2,33,1,16,1,20,90
E01010758, 521 ,31,6.0,2,0,1,2,0,3,2,0,3,0,0,0,2,18
E01010759, 757 ,157,20.7,24,1,4,15,2,8,10,0,35,0,0,1,8,105
E01010760, 765 ,78,10.2,26,0,5,17,1,6,14,0,21,0,2,1,13,68
E01010741, 673 ,136,20.2,15,1,4,19,9,7,7,0,32,4,0,1,18,104
E01010845, 876 ,131,15.0,64,0,19,59,8,18,16,1,46,4,1,3,15,229
E01010849, 628 ,98,15.6,10,0,9,9,1,3,4,0,11,1,0,0,18,60
E01010850, 518 ,127,24.5,87,1,18,36,3,6,14,2,44,1,1,0,18,168
E01010851, 661 ,109,16.5,67,1,15,14,6,2,15,1,33,5,61,4,25,116
E01010864, 536 ,67,12.5,13,0,7,21,1,3,8,1,28,1,1,0,17,137
E01010867, 715 ,86,12.0,44,1,10,56,7,13,20,3,53,1,3,0,17,151
E01010874, 624 ,110,17.6,32,0,8,33,8,7,12,5,22,0,0,1,15,120
E01010746, 837 ,118,14.1,19,3,24,15,11,3,23,5,41,1,2,3,19,116
E01010750, 701 ,106,15.1,13,1,2,22,9,11,6,3,27,1,0,1,18,93
E01010751, 694 ,100,14.4,11,1,4,15,1,5,13,0,15,2,0,0,12,57
E01010865, 751 ,126,16.8,20,1,14,12,7,12,8,2,20,4,3,0,18,45
E01010866, 633 ,110,17.4,8,0,12,22,7,7,30,4,12,1,0,0,27,61
E01010868, 718 ,135,18.8,15,0,14,38,10,3,12,5,36,0,0,3,10,167
E01010869, 800 ,184,23.0,19,2,13,28,13,15,13,4,23,1,1,0,14,125
E01010870, 692 ,98,14.2,7,1,13,5,1,1,2,1,11,0,0,0,5,43
E01010871, 820 ,169,20.6,14,0,16,27,9,10,20,1,29,0,1,1,27,129
E01010872, 745 ,154,20.7,17,1,7,30,8,9,10,4,45,0,2,0,11,198
E01010873, 520 ,71,13.7,1,1,3,2,5,7,8,1,10,1,3,0,5,45
E01010638, 709 ,97,13.7,10,0,5,4,0,2,2,0,16,1,5,0,6,65
E01010642, 912 ,92,10.1,3,0,10,10,4,0,7,1,8,1,0,0,2,53
E01010645, 760 ,67,8.8,7,0,4,6,2,1,13,0,23,1,0,2,2,88
E01010644, 849 ,116,13.7,5,0,1,8,0,2,9,0,13,0,4,0,7,78
E01010643, 689 ,116,16.8,1,1,2,6,1,0,3,0,9,0,0,0,5,41
E01010640, 854 ,202,23.7,6,0,5,9,2,2,7,0,11,0,0,0,7,49
E01010641, 660 ,82,12.4,2,1,0,2,1,2,4,1,14,0,0,0,4,37
E01010639," 1,017 ",149,14.7,16,0,7,7,3,1,9,1,16,2,2,1,5,59
E01033693, 958 ,246,25.7,61,5,30,57,39,15,80,6,160,4,150,11,53,416
E01010617, 635 ,136,21.4,19,3,16,53,13,5,22,4,81,1,0,6,6,241
E01010607, 646 ,233,36.1,14,1,3,19,3,7,47,2,32,1,8,2,5,113
E01033692, 632 ,70,11.1,38,6,26,42,9,5,49,2,85,7,1,5,43,222
E01010606, 606 ,233,38.4,20,1,7,21,16,12,20,2,46,2,6,6,18,146
E01010842, 650 ,180,27.7,26,2,15,39,21,15,18,3,67,8,0,3,30,189
E01033691," 1,038 ",202,19.5,96,7,31,70,61,22,88,12,185,36,31,45,38,528
E01033690," 1,083 ",120,11.1,248,35,83,209,102,66,236,42,608,67,701,123,88,1106
E01010911, 760 ,98,12.9,22,1,8,8,2,2,9,0,15,0,0,0,7,40
E01010912, 718 ,117,16.3,33,0,6,36,6,8,11,3,41,2,0,4,10,176
E01010913, 589 ,65,11.0,13,0,4,4,0,4,3,1,8,2,1,0,5,35
E01010915, 662 ,88,13.3,19,2,21,18,5,16,10,3,39,2,0,0,17,141
E01010914, 711 ,94,13.2,59,1,8,28,6,7,10,0,35,2,0,0,12,136
E01010924, 557 ,84,15.1,40,2,3,25,5,4,12,2,18,0,2,0,14,105
E01010925, 611 ,119,19.5,25,1,19,32,3,10,14,3,24,2,0,1,19,100
E01010926, 445 ,118,26.5,30,0,5,31,3,12,12,3,55,1,0,3,12,160
E01010931, 655 ,81,12.4,11,0,5,5,1,2,3,0,10,0,0,0,25,30
E01010932, 702 ,103,14.7,9,1,8,8,1,0,7,1,13,1,12,1,20,42
E01010933, 755 ,139,18.4,10,0,9,13,1,6,13,0,8,1,1,0,17,40
E01010935, 694 ,106,15.3,10,0,3,6,0,1,5,0,16,0,0,1,9,36
E01010936, 896 ,100,11.2,12,0,5,5,3,2,8,1,13,1,0,0,11,42
E01010937, 705 ,110,15.6,2,1,2,8,1,1,14,1,15,0,0,1,9,45
E01010881, 730 ,129,17.7,8,0,4,9,0,8,5,0,12,0,0,0,5,42
E01010882, 648 ,107,16.5,2,1,3,3,0,0,2,0,7,0,0,0,7,21
E01010883, 669 ,124,18.5,6,0,13,4,5,2,9,0,9,0,0,0,4,28
E01010887, 719 ,159,22.1,7,0,10,11,0,1,8,0,5,0,0,0,8,24
E01010888, 833 ,190,22.8,6,3,5,10,0,0,10,0,9,0,1,2,1,43
E01010923, 806 ,163,20.2,33,2,10,19,2,3,12,0,54,2,1,0,12,94
E01010916, 634 ,115,18.1,33,0,15,39,4,9,38,4,48,0,33,0,19,155
E01010939, 736 ,88,12.0,6,0,14,13,1,5,9,1,10,1,0,0,9,69
E01010941, 557 ,95,17.1,45,0,8,33,7,5,23,4,35,1,0,0,14,130
E01010942, 869 ,159,18.3,33,1,13,49,14,12,96,3,82,1,36,2,11,228
E01010944, 640 ,154,24.1,8,1,9,11,9,11,19,0,40,1,1,0,4,127
E01010938, 651 ,146,22.4,61,1,11,40,10,5,12,4,41,3,2,0,14,166
E01010940, 688 ,139,20.2,10,0,14,23,3,4,9,2,19,4,0,0,8,110
E01010943, 609 ,153,25.1,18,1,9,34,3,13,15,2,50,1,0,3,9,161
E01010961, 534 ,134,25.1,24,1,4,13,12,6,6,1,37,0,2,2,13,128
E01010917, 892 ,180,20.2,15,1,5,13,2,5,14,1,15,1,2,0,12,69
E01010918, 749 ,142,19.0,9,1,8,12,0,3,5,0,11,0,0,0,8,87
E01010919, 808 ,119,14.7,13,0,9,19,2,3,10,1,23,0,12,1,10,87
E01010920, 770 ,164,21.3,9,1,9,2,0,2,4,0,17,0,0,0,3,27
E01010921, 755 ,123,16.3,15,0,8,20,1,8,0,0,28,0,2,0,8,89
E01010934, 963 ,140,14.5,19,0,25,25,7,5,22,1,37,0,7,1,17,128
E01010967, 843 ,152,18.0,24,0,14,46,9,12,19,2,44,1,1,3,13,179
E01032923," 1,149 ",252,21.9,51,1,31,44,19,13,40,6,60,3,6,6,37,211
E01034582, 847 ,143,16.9,0,0,2,3,7,0,1,0,10,1,0,0,0,19
E01034583, 568 ,108,19.0,0,0,0,0,4,0,2,0,0,0,0,1,0,6
E01010927, 948 ,88,9.3,11,0,6,10,4,4,7,1,24,0,0,1,7,101
E01010928, 649 ,133,20.5,25,1,4,22,12,14,17,1,34,1,0,0,13,145
E01010997, 658 ,88,13.4,12,0,5,5,2,1,2,0,13,0,0,0,8,35
E01010999, 643 ,91,14.2,2,1,1,7,3,7,18,1,12,0,1,2,7,38
E01010929, 946 ,264,27.9,25,1,11,50,14,16,19,1,49,2,0,1,16,220
E01010930, 770 ,197,25.6,15,2,11,40,5,7,17,2,56,1,7,4,14,178
E01010998, 736 ,177,24.0,24,1,9,19,5,9,12,5,58,2,0,4,15,201
E01011000, 642 ,207,32.2,20,0,8,23,15,15,20,2,39,2,23,2,13,151
E01010904, 711 ,74,10.4,2,0,0,3,0,1,2,0,6,0,0,0,3,24
E01010906, 613 ,86,14.0,11,0,2,2,3,1,5,0,7,0,0,0,3,17
E01010907, 656 ,89,13.6,3,0,5,8,3,1,4,0,11,0,3,0,4,35
E01010909, 811 ,130,16.0,6,0,11,15,2,2,10,0,12,1,4,0,9,64
E01010960, 473 ,203,42.9,22,0,15,27,21,9,15,6,53,0,53,4,11,142
E01010964, 563 ,216,38.4,16,0,17,27,18,13,30,5,52,4,0,4,15,165
E01010965, 504 ,114,22.6,19,0,13,33,9,9,13,1,37,3,13,1,7,134
E01010966, 514 ,185,36.0,15,0,10,17,10,9,12,3,40,1,1,3,10,160
E01010995, 432 ,158,36.6,5,0,11,10,13,1,13,2,36,0,0,2,5,99
E01010982, 632 ,133,21.0,13,3,4,7,3,2,5,1,17,0,0,0,5,40
E01010983, 790 ,201,25.4,25,5,8,36,3,6,16,3,73,1,15,2,19,185
E01010985, 660 ,120,18.2,4,1,8,21,2,2,3,1,12,0,0,0,14,48
E01010986, 801 ,216,27.0,21,0,4,13,7,5,6,3,49,1,0,0,12,95
E01010987, 816 ,152,18.6,25,3,4,14,3,5,10,2,26,1,42,0,12,121
E01010988, 662 ,136,20.5,9,0,6,17,2,9,5,3,25,1,2,1,5,71
E01010996, 457 ,187,40.9,11,2,10,12,10,5,8,1,30,2,0,3,5,113
E01011001, 488 ,161,33.0,6,3,3,19,7,2,7,2,9,0,1,0,5,106
E01011002, 650 ,208,32.0,7,0,5,11,6,4,3,1,25,1,0,2,5,106
E01011003, 615 ,233,37.9,24,0,8,25,18,4,23,2,44,2,2,2,10,133
E01010878, 902 ,214,23.7,46,3,15,22,8,8,36,7,70,2,76,5,24,128
E01010879, 823 ,93,11.3,10,0,8,19,7,13,12,1,23,0,2,1,58,55
E01010905, 837 ,116,13.9,6,0,2,13,2,5,8,0,18,1,0,1,9,52
E01010908," 1,017 ",123,12.1,18,0,11,10,4,2,7,1,18,0,8,1,15,58
E01010910, 596 ,105,17.6,9,0,6,13,3,1,7,2,24,0,0,0,8,76
E01010969, 791 ,90,11.4,5,0,5,10,5,2,8,0,15,0,0,0,3,85
E01010970, 925 ,177,19.1,25,0,7,7,5,3,10,1,22,0,0,2,9,78
E01010974, 651 ,170,26.1,10,1,5,32,11,9,18,2,45,3,17,1,11,158
E01010977, 847 ,104,12.3,1,0,8,4,3,0,3,0,6,0,0,0,7,58
E01010975, 750 ,99,13.2,1,0,1,7,0,2,3,0,10,1,0,0,9,47
E01010976, 819 ,97,11.8,12,0,7,11,1,10,5,2,12,1,3,0,10,84
E01010978, 627 ,119,19.0,2,0,2,5,2,4,42,2,21,0,2,0,8,46
E01010979, 794 ,110,13.9,22,4,17,14,4,9,19,4,65,5,36,4,17,162
E01010980, 713 ,175,24.5,10,1,1,13,1,9,13,1,20,0,0,1,12,120
E01010981, 762 ,156,20.5,5,0,5,10,0,2,10,2,14,1,0,0,5,95
E01010989, 750 ,116,15.5,11,2,27,20,10,10,32,2,34,3,9,1,22,95
E01010990, 756 ,92,12.2,8,0,5,6,1,2,4,2,8,0,1,0,4,67
E01010991, 686 ,106,15.5,12,0,7,6,1,3,4,1,14,0,0,0,9,50
E01010992, 800 ,131,16.4,9,0,2,14,6,0,8,0,12,0,0,0,10,83
E01010993, 756 ,149,19.7,21,1,11,37,4,9,22,2,49,1,1,1,6,172
E01010875, 794 ,107,13.5,8,1,6,5,1,7,10,2,11,0,3,0,10,28
E01010876, 711 ,110,15.5,15,0,4,4,0,3,6,0,11,1,0,0,6,37
E01010877, 805 ,185,23.0,6,0,12,20,5,2,7,1,15,2,0,1,15,65
E01010880, 716 ,145,20.3,12,0,14,33,7,5,19,3,31,1,1,2,7,121
E01010949, 795 ,142,17.9,44,5,21,53,15,14,33,4,85,2,16,4,7,184
E01010922, 833 ,134,16.1,3,1,11,7,4,1,6,1,18,0,0,1,12,62
E01010956, 721 ,149,20.7,12,0,10,10,2,5,12,1,26,0,0,0,7,84
E01010958, 610 ,104,17.0,17,2,6,36,3,6,13,2,40,0,1,1,9,135
E01010959, 721 ,113,15.7,4,0,8,19,5,2,3,0,24,1,0,0,5,78
E01010968, 806 ,120,14.9,5,1,6,5,3,3,9,2,23,0,5,1,18,69
E01010971, 852 ,127,14.9,3,1,8,13,3,2,17,0,24,1,0,1,12,83
E01010972, 693 ,106,15.3,8,2,4,17,11,4,21,2,53,0,0,4,26,148
E01010973, 819 ,90,11.0,10,0,3,1,2,1,4,0,12,0,0,0,7,39
E01010884, 798 ,136,17.0,16,1,2,4,1,3,14,0,16,2,2,0,11,47
E01010885, 723 ,149,20.6,4,2,4,10,1,2,4,0,12,0,0,0,7,44
E01010886, 522 ,110,21.1,2,0,6,9,2,1,8,0,9,0,1,1,11,37
E01010984, 639 ,175,27.4,7,3,2,17,3,3,13,1,22,0,4,0,12,64
E01010946, 566 ,65,11.5,1,0,5,2,0,1,6,1,4,0,0,0,2,13
E01010947, 668 ,74,11.1,1,0,6,13,3,2,1,0,9,0,2,0,8,19
E01010950, 713 ,136,19.1,11,0,8,17,7,8,17,4,23,1,7,0,6,93
E01010951, 695 ,113,16.3,3,0,5,12,1,1,11,2,13,4,1,2,4,113
E01010891, 828 ,136,16.4,28,1,11,24,2,3,14,5,26,2,9,3,6,104
E01010892, 774 ,79,10.2,5,0,2,6,0,2,5,0,15,0,0,0,5,66
E01010895, 655 ,99,15.1,10,1,7,17,3,7,8,0,28,1,0,1,1,64
E01010945, 695 ,105,15.1,11,0,13,10,1,1,13,2,18,0,0,0,5,52
E01010948, 681 ,107,15.7,3,0,4,4,2,2,10,0,9,0,0,0,8,34
E01010889, 884 ,123,13.9,52,2,5,49,4,8,43,4,78,0,12,1,17,225
E01010890, 871 ,150,17.2,36,0,12,28,7,3,18,4,44,1,14,1,21,139
E01010893, 639 ,127,19.9,13,0,2,14,4,4,11,1,14,0,1,0,2,80
E01010894, 816 ,245,30.0,30,0,4,28,8,6,22,4,40,1,5,2,9,185
E01010901, 837 ,100,11.9,16,0,7,14,0,4,6,0,17,0,0,1,10,51
E01010903, 749 ,95,12.7,7,0,9,11,1,2,9,1,10,0,1,1,5,68
E01010896, 698 ,88,12.6,4,0,5,5,1,1,6,1,8,0,0,0,10,39
E01010897, 747 ,104,13.9,7,0,11,11,4,2,5,0,19,0,0,0,7,36
E01010898, 849 ,162,19.1,11,2,4,25,8,4,19,1,32,0,17,3,14,120
E01010899, 587 ,77,13.1,2,0,7,6,1,2,8,1,8,0,0,0,5,32
E01010900, 690 ,84,12.2,3,0,4,4,0,1,6,0,8,1,1,0,3,21
E01010902, 667 ,108,16.2,9,0,1,19,2,1,6,1,15,1,0,0,2,59
E01010952, 775 ,136,17.5,12,1,11,4,2,3,3,0,11,1,0,0,10,25
E01010953, 643 ,80,12.4,6,0,8,1,0,3,5,0,2,0,0,2,0,31
E01010954," 1,000 ",86,8.6,6,0,7,9,1,0,2,0,11,1,0,1,7,39
E01010955, 595 ,93,15.6,11,0,5,7,1,1,11,1,5,0,0,0,8,20
E01010957, 674 ,101,15.0,4,0,4,5,1,5,25,0,11,0,1,1,5,34
E01027565, 696 ,104,14.9,0,0,0,0,0,0,0,0,0,1,0,0,0,0
E01027584, 880 ,107,12.2,0,0,0,0,0,0,0,0,1,0,0,0,0,5
E01027593, 816 ,168,20.6,0,0,0,1,0,0,0,0,0,0,0,0,0,0
E01027608, 783 ,124,15.8,2,0,0,0,0,0,0,0,0,0,0,0,0,0
E01027684, 605 ,83,13.7,0,0,0,1,0,0,1,0,2,0,0,0,0,1
E01027735, 719 ,133,18.5,2,0,1,1,0,0,0,0,2,0,0,0,0,16
E01027724, 723 ,111,15.4,0,0,0,0,0,0,0,0,0,0,0,0,0,1
E01027725, 682 ,117,17.2,0,0,0,0,0,0,0,0,1,0,0,0,0,1
E01011051, 751 ,88,11.7,11,0,15,5,4,5,16,1,12,0,0,0,7,51
E01011055, 562 ,83,14.8,11,0,3,25,3,2,4,0,11,1,0,0,7,36
E01011056, 729 ,93,12.8,18,0,3,5,3,3,2,0,5,1,0,1,17,35
E01011057, 732 ,107,14.6,64,2,4,11,1,2,4,0,24,1,97,0,11,67
E01011058, 519 ,96,18.5,15,1,4,9,3,2,1,2,15,0,0,1,6,47
E01011048, 890 ,177,19.9,33,0,9,21,7,8,22,2,39,2,6,0,15,112
E01011049, 751 ,104,13.8,27,0,6,17,4,3,8,1,23,2,0,0,9,78
E01011050, 638 ,72,11.3,23,0,13,12,1,6,14,2,27,1,37,1,16,55
E01011052, 732 ,105,14.3,41,0,13,16,2,4,8,2,35,0,8,0,17,110
E01011053, 642 ,85,13.2,9,0,4,6,3,2,5,1,4,0,0,0,4,37
E01011059, 716 ,122,17.0,67,0,13,42,5,7,12,3,57,1,0,5,16,180
E01011062, 844 ,118,14.0,20,0,9,21,7,6,6,1,26,3,0,0,17,67
E01011064, 738 ,125,16.9,2,1,7,13,4,6,13,0,29,0,0,0,8,69
E01011068, 737 ,94,12.8,4,0,8,3,1,4,18,0,15,0,0,1,13,28
E01011069, 651 ,98,15.1,4,3,4,2,1,3,17,2,17,0,2,0,3,52
E01011241, 661 ,76,11.5,10,0,2,7,3,6,5,1,17,0,0,1,21,37
E01011242, 715 ,112,15.7,25,1,10,43,5,4,5,0,15,0,2,1,8,67
E01011243, 760 ,103,13.6,6,0,7,9,0,1,14,1,11,0,21,0,7,44
E01011244, 848 ,94,11.1,20,1,7,28,1,2,6,1,11,0,4,0,8,62
E01011060, 792 ,112,14.1,22,0,4,19,2,5,9,2,39,1,1,1,7,134
E01011061, 943 ,199,21.1,31,4,31,48,11,9,30,3,87,4,62,3,22,205
E01011063," 1,026 ",191,18.6,33,3,17,48,3,10,29,2,56,4,2,1,17,195
E01011065, 726 ,141,19.4,19,1,8,10,1,6,5,4,49,0,1,1,8,101
E01011066, 681 ,74,10.9,14,1,5,7,2,6,3,0,8,0,0,0,5,34
E01011027, 539 ,105,19.5,10,0,8,24,4,3,6,2,13,0,2,0,10,42
E01011028, 667 ,139,20.8,25,0,15,28,7,8,9,5,31,2,0,1,23,149
E01011030, 614 ,142,23.1,21,0,7,21,2,3,5,4,31,0,0,2,15,72
E01011031, 787 ,90,11.4,41,1,7,18,3,3,10,0,24,0,0,2,9,90
E01011054, 612 ,73,11.9,25,0,4,12,0,1,8,2,22,1,0,1,4,54
E01011013, 632 ,104,16.5,9,0,5,5,2,2,4,0,3,0,0,1,4,27
E01011014, 642 ,166,25.9,19,0,15,17,7,3,17,2,14,0,0,1,18,84
E01011023, 651 ,139,21.4,12,1,8,14,10,3,10,4,39,1,3,1,15,74
E01011024, 702 ,148,21.1,18,0,17,30,9,6,13,1,29,1,0,1,18,123
E01011067, 724 ,84,11.6,10,0,11,8,5,4,10,1,23,0,5,0,49,44
E01011247, 690 ,86,12.5,6,0,10,12,2,3,4,1,13,0,0,0,7,35
E01011249, 735 ,135,18.4,24,1,8,24,2,7,8,3,22,0,0,0,6,98
E01011251, 730 ,138,18.9,68,1,7,43,7,5,16,1,47,0,0,2,14,144
E01011245, 620 ,126,20.3,28,1,17,34,3,2,13,0,24,1,0,0,11,85
E01011246, 657 ,136,20.7,8,0,9,15,1,8,12,0,23,0,1,0,7,73
E01011248, 704 ,115,16.3,11,2,8,11,0,2,7,0,9,1,0,0,7,74
E01011250, 917 ,197,21.5,28,0,13,46,3,13,36,5,59,5,23,6,14,226
E01011015, 579 ,147,25.4,33,1,15,18,4,8,23,2,58,1,68,6,18,146
E01011029, 707 ,144,20.4,46,5,30,60,9,18,40,5,108,5,150,4,25,269
E01011032, 948 ,166,17.5,30,1,6,22,4,5,12,1,34,2,12,2,9,90
E01011034, 472 ,147,31.1,11,0,1,8,4,5,7,3,21,0,1,2,4,61
E01011157, 612 ,124,20.3,33,1,8,21,5,2,10,1,35,4,0,2,4,73
E01011161, 557 ,76,13.6,9,0,19,9,2,4,8,0,12,0,2,1,15,40
E01011163, 643 ,108,16.8,10,0,11,28,4,6,15,3,47,4,0,2,7,135
E01011164, 738 ,108,14.6,11,0,4,12,1,0,7,1,22,0,0,0,7,74
E01011165, 587 ,122,20.8,13,0,5,15,2,5,10,1,24,1,0,0,6,64
E01011166, 682 ,192,28.2,17,0,6,29,4,1,8,1,35,3,16,1,8,109
E01011167, 735 ,170,23.1,23,0,9,19,8,8,13,7,37,1,3,1,14,134
E01011033, 680 ,142,20.9,5,0,13,25,2,4,12,0,21,0,0,1,14,82
E01011035, 493 ,139,28.2,10,0,2,12,0,3,11,1,12,0,2,0,5,72
E01011036, 599 ,168,28.0,28,1,4,23,4,8,10,0,33,0,0,0,16,85
E01011037, 862 ,192,22.3,13,2,25,42,8,8,15,2,41,3,0,1,26,155
E01011016, 534 ,155,29.0,7,1,4,20,8,5,12,3,11,1,1,3,10,100
E01011017, 472 ,147,31.1,4,0,2,16,5,2,4,2,15,1,0,0,6,35
E01011018, 432 ,119,27.5,20,1,2,10,4,2,3,0,11,0,0,0,6,68
E01011019, 527 ,116,22.0,5,0,3,7,7,9,18,1,15,1,2,2,9,51
E01011020, 457 ,110,24.1,7,1,3,11,2,0,5,1,19,1,0,0,5,69
E01011021, 690 ,101,14.6,15,0,13,8,2,7,18,2,20,1,0,1,9,62
E01011022, 598 ,103,17.2,14,0,2,8,5,6,8,0,18,1,3,0,2,35
E01011126, 907 ,129,14.2,29,0,10,37,5,11,18,7,47,1,1,3,24,182
E01011127, 596 ,89,14.9,10,0,8,5,2,4,21,2,18,0,8,0,8,63
E01011156, 693 ,88,12.7,9,1,2,10,0,3,4,0,17,0,0,1,7,67
E01011158, 792 ,140,17.7,43,1,13,22,10,4,51,1,79,13,94,4,9,143
E01011159, 737 ,93,12.6,14,0,4,16,0,1,6,0,17,1,8,0,10,33
E01011160, 547 ,62,11.3,2,0,2,3,1,1,3,0,2,0,0,1,5,27
E01011162, 697 ,99,14.2,8,0,9,6,0,3,3,1,16,1,5,1,7,38
E01011025, 591 ,151,25.5,13,1,20,16,5,4,6,1,34,4,1,0,11,69
E01011026, 572 ,106,18.5,20,0,10,20,2,3,11,1,34,1,7,1,13,119
E01011136, 658 ,103,15.7,27,0,12,50,6,9,18,4,60,3,0,1,24,164
E01011137, 650 ,82,12.6,29,2,7,19,6,6,12,0,36,0,0,1,16,108
E01011128, 785 ,167,21.3,12,4,11,18,7,3,10,1,17,0,0,0,16,75
E01011130," 1,004 ",162,16.1,205,8,67,105,70,32,104,20,317,29,233,56,43,536
E01034584, 632 ,144,22.8,0,0,0,0,1,0,0,0,0,0,0,0,0,3
E01034585, 420 ,87,20.7,0,0,0,0,0,1,0,1,0,0,0,0,0,1
E01011121, 750 ,121,16.1,22,0,6,26,2,7,7,1,31,1,2,2,6,147
E01011122, 508 ,123,24.2,94,0,2,16,4,7,4,2,24,0,0,2,8,128
E01011123, 708 ,146,20.6,26,1,3,25,5,7,21,0,33,1,17,3,15,89
E01011124, 888 ,103,11.6,38,0,0,14,1,3,4,0,12,2,0,3,4,67
E01011125, 871 ,121,13.9,24,0,4,32,2,5,19,2,29,1,0,1,10,137
E01011129, 501 ,63,12.6,6,0,1,9,1,6,3,2,18,1,0,0,8,82
E01011138, 657 ,156,23.7,17,1,8,29,5,7,20,7,49,6,1,2,24,207
E01011139, 503 ,107,21.3,11,0,5,7,2,0,5,0,13,0,0,1,14,46
E01011140, 509 ,150,29.5,23,3,11,31,7,11,7,2,28,3,0,3,11,150
E01011141, 543 ,133,24.5,22,0,8,18,9,4,11,0,26,2,0,3,13,101
E01011132, 645 ,47,7.3,5,0,3,7,0,2,5,0,5,0,0,0,5,45
E01011142, 697 ,99,14.2,13,1,10,22,4,3,4,2,19,2,2,2,14,52
E01011217, 741 ,90,12.1,11,0,7,2,3,3,4,1,11,0,0,0,7,17
E01011218, 749 ,125,16.7,33,0,3,19,1,3,6,1,22,0,90,0,9,56
E01011216, 621 ,63,10.1,7,0,5,9,12,7,25,0,10,2,0,0,6,36
E01011219, 732 ,98,13.4,13,0,6,11,1,1,5,1,17,0,0,0,6,58
E01011220, 754 ,131,17.4,43,2,7,46,1,7,12,3,65,0,0,1,9,158
E01011221, 732 ,95,13.0,7,0,1,6,1,1,7,1,7,1,4,0,6,35
E01011046, 544 ,49,9.0,5,0,7,3,1,1,8,0,9,0,0,0,5,33
E01011100, 705 ,106,15.0,8,0,6,13,5,10,16,1,27,0,0,0,2,99
E01011102, 525 ,47,9.0,9,1,5,13,6,5,14,1,8,1,0,0,8,55
E01011108, 656 ,78,11.9,3,1,0,7,4,1,25,1,11,0,1,0,3,43
E01011133, 484 ,150,31.0,11,1,3,17,5,0,25,3,15,1,1,0,9,83
E01011134, 607 ,177,29.2,28,2,10,26,3,16,19,6,72,5,20,2,15,262
E01011143, 562 ,191,34.0,11,1,2,22,2,4,6,4,23,0,0,0,2,96
E01011144, 537 ,184,34.3,34,0,11,20,7,9,24,3,63,5,20,5,31,196
E01011260, 538 ,117,21.7,6,0,8,20,5,5,7,0,26,1,0,0,8,70
E01011257, 511 ,151,29.5,13,0,2,15,7,2,12,3,37,1,19,0,9,77
E01011258, 428 ,130,30.4,0,0,2,6,1,1,2,1,8,0,0,0,7,35
E01011259, 647 ,152,23.5,11,2,5,11,4,3,9,0,31,2,0,1,9,124
E01011261, 440 ,110,25.0,9,0,1,5,1,1,5,1,29,1,0,1,7,68
E01011262, 571 ,167,29.2,17,0,7,18,3,7,9,0,23,0,0,1,10,112
E01011263, 684 ,104,15.2,10,1,16,18,3,7,9,2,16,1,1,2,13,67
E01011101, 755 ,208,27.5,24,0,8,22,9,2,19,4,41,1,0,0,10,140
E01011103, 650 ,145,22.3,21,2,5,12,5,4,7,2,22,3,0,1,12,99
E01011104, 778 ,120,15.4,27,0,8,19,13,13,15,2,35,1,3,2,6,141
E01011105, 916 ,114,12.4,30,1,6,23,9,6,31,6,38,0,10,1,6,132
E01011212, 788 ,143,18.1,11,0,3,18,4,3,5,1,17,0,1,1,11,86
E01011213, 676 ,89,13.2,11,0,4,11,0,2,4,0,4,0,0,0,4,44
E01011214, 688 ,100,14.5,8,0,4,15,0,2,3,0,9,0,0,1,6,32
E01011215," 1,195 ",185,15.5,49,4,36,36,4,3,28,4,61,5,44,4,17,189
E01011039, 686 ,127,18.5,7,0,4,12,2,5,16,4,21,0,0,2,5,88
E01011042, 655 ,56,8.5,6,0,6,2,6,3,4,0,10,0,0,0,8,52
E01011047, 662 ,75,11.3,4,0,5,5,1,3,9,1,8,0,0,0,0,31
E01011210, 911 ,116,12.7,4,0,10,10,4,2,10,0,18,1,5,2,15,59
E01011252, 507 ,66,13.0,6,0,10,6,2,0,4,2,12,0,0,0,5,29
E01011253, 529 ,116,21.9,13,0,0,21,1,4,6,2,21,0,0,2,3,60
E01011254, 670 ,77,11.5,11,2,7,9,1,2,6,0,17,2,7,0,5,48
E01011255, 638 ,122,19.1,29,1,11,16,4,1,15,2,51,2,0,2,7,161
E01011256, 600 ,103,17.2,16,0,5,22,3,6,5,1,19,0,0,3,5,85
E01011038, 724 ,218,30.1,9,2,7,21,13,7,18,4,33,2,2,0,5,143
E01011041, 675 ,231,34.2,12,3,11,19,9,8,26,1,27,2,0,1,10,144
E01011106, 730 ,208,28.5,25,2,8,32,12,6,29,7,72,5,55,5,9,177
E01011107, 908 ,338,37.2,128,11,56,96,89,27,160,37,354,34,362,66,38,820
E01011201, 920 ,157,17.1,19,1,7,21,3,2,13,2,37,4,29,2,8,91
E01011203, 811 ,65,8.0,5,0,4,7,2,2,3,0,12,0,0,1,6,48
E01011211, 816 ,75,9.2,10,0,3,4,0,3,4,0,7,0,0,0,1,51
E01034586, 652 ,71,10.9,0,0,0,0,0,1,0,0,0,0,0,0,0,0
E01034587, 595 ,40,6.7,0,0,1,0,0,0,0,0,0,0,0,0,0,0
E01011040, 675 ,234,34.7,8,0,9,29,12,6,18,3,30,2,0,0,11,145
E01011043, 979 ,305,31.2,16,0,7,16,13,3,21,5,32,1,1,0,17,144
E01011044, 562 ,140,24.9,10,0,4,16,7,6,9,0,10,0,0,0,4,69
E01011045, 727 ,268,36.9,12,1,12,28,13,3,25,4,44,5,1,1,12,113
E01011089, 597 ,94,15.7,1,0,2,8,2,0,5,3,14,0,1,1,1,44
E01011091, 592 ,75,12.7,11,0,1,3,0,1,1,0,7,0,0,0,6,29
E01011092, 594 ,61,10.3,3,0,4,2,0,0,0,0,5,0,0,0,4,32
E01011200, 915 ,89,9.7,32,0,10,11,0,4,33,0,40,0,32,1,7,84
E01011204, 568 ,60,10.6,3,0,5,1,1,2,4,0,9,0,0,0,3,24
E01011206, 802 ,122,15.2,12,1,8,15,1,2,13,1,21,1,0,1,12,53
E01011208, 813 ,207,25.5,11,0,14,27,10,8,28,2,55,1,2,5,14,173
E01011240, 813 ,185,22.8,10,1,3,25,4,1,9,1,17,0,5,1,7,69
E01011231, 755 ,210,27.8,14,0,6,13,2,5,10,0,31,2,11,0,6,83
E01011236, 863 ,247,28.6,54,14,17,39,18,7,60,15,98,8,17,18,10,310
E01011238, 831 ,164,19.7,6,0,12,3,6,3,18,1,23,1,0,3,16,85
E01011239, 691 ,150,21.7,4,0,11,13,5,7,18,0,24,1,3,1,5,69
E01011093, 688 ,138,20.1,17,3,10,19,10,11,13,2,39,0,0,2,3,164
E01011094, 677 ,131,19.4,30,1,5,20,5,1,13,3,27,2,0,2,3,109
E01011096, 644 ,85,13.2,3,1,6,6,2,2,9,2,10,2,25,0,6,60
E01011098, 732 ,203,27.7,11,2,7,24,3,4,10,2,32,3,2,0,4,80
E01011146, 703 ,87,12.4,6,0,2,9,0,0,2,0,7,0,4,0,5,17
E01011151, 675 ,89,13.2,3,0,4,6,0,1,5,0,6,0,0,1,3,24
E01011202, 744 ,110,14.8,18,0,8,11,2,4,26,2,27,1,13,0,6,57
E01011205, 715 ,116,16.2,10,0,7,9,2,1,6,0,12,0,0,0,5,36
E01011090, 691 ,97,14.0,32,0,6,11,2,4,12,1,39,1,3,0,9,101
E01011095, 649 ,87,13.4,18,0,2,4,0,4,9,0,12,0,1,2,4,45
E01011097, 739 ,115,15.6,31,0,4,13,6,4,10,2,17,4,0,0,4,91
E01011099, 637 ,96,15.1,12,0,6,16,5,4,11,4,24,0,0,1,6,87
E01011150, 760 ,124,16.3,16,1,7,13,2,3,7,0,17,0,0,0,3,60
E01011155," 1,042 ",115,11.0,6,0,7,11,5,2,8,0,8,0,0,2,6,40
E01011207, 648 ,80,12.3,10,0,0,6,1,2,9,1,19,1,0,0,5,51
E01011234, 710 ,164,23.1,33,0,9,16,7,12,13,1,42,2,0,1,10,154
E01011232, 665 ,183,27.5,9,1,12,22,8,3,15,0,28,5,0,4,6,109
E01011233, 677 ,105,15.5,0,0,1,7,1,1,4,1,4,0,0,0,3,26
E01011235, 844 ,192,22.7,54,13,15,51,22,10,46,10,151,14,25,11,9,302
E01011237, 658 ,223,33.9,17,0,12,22,5,9,16,2,38,1,3,0,7,137
E01011004, 677 ,106,15.7,32,2,6,14,4,1,7,2,19,2,0,0,5,102
E01011006, 660 ,118,17.9,23,0,4,8,3,7,4,1,15,0,0,0,3,40
E01011008, 686 ,178,25.9,21,0,4,13,7,3,14,1,18,2,1,0,3,68
E01011012, 685 ,113,16.5,9,0,0,6,4,2,8,1,10,1,0,0,7,59
E01011145, 663 ,115,17.3,14,0,3,6,0,0,3,1,13,0,0,3,6,67
E01011147, 727 ,104,14.3,15,0,8,8,2,4,13,2,17,0,1,0,7,66
E01011148, 783 ,138,17.6,20,1,8,19,1,7,10,3,54,1,6,1,7,194
E01011152, 831 ,140,16.8,5,0,3,9,0,1,8,2,13,0,0,0,12,34
E01011007, 699 ,134,19.2,14,2,5,6,4,4,10,1,12,0,8,3,12,69
E01011223, 755 ,196,26.0,43,2,12,29,9,3,11,3,25,0,2,1,7,122
E01011225, 737 ,210,28.5,19,0,8,8,7,4,10,2,25,4,0,2,12,109
E01011229, 856 ,176,20.6,39,11,48,80,131,18,75,18,142,8,48,18,26,328
E01011080, 787 ,320,40.7,33,1,8,21,7,3,21,5,31,2,0,1,11,110
E01011081, 739 ,256,34.6,11,0,19,32,10,3,20,8,33,2,0,1,8,136
E01011082, 486 ,216,44.4,11,0,7,6,6,5,14,1,15,2,0,0,7,73
E01011230, 563 ,216,38.4,16,5,9,19,6,5,15,5,30,5,5,1,4,115
E01011005, 662 ,74,11.2,9,0,4,11,3,2,15,3,8,0,1,0,2,31
E01011009, 629 ,114,18.1,14,0,6,11,1,2,4,3,16,1,0,0,5,63
E01011010, 668 ,149,22.3,61,0,13,27,7,5,20,5,42,4,30,0,11,148
E01011011, 704 ,83,11.8,22,0,7,6,3,2,3,0,7,0,0,1,4,13
E01011077, 748 ,156,20.9,14,0,17,22,5,3,6,1,13,0,0,3,19,76
E01011149, 937 ,221,23.6,16,0,28,34,9,7,22,2,52,4,39,1,18,159
E01011153, 794 ,163,20.5,8,0,14,10,0,7,29,2,15,0,17,1,14,50
E01011154, 677 ,124,18.3,14,1,3,11,2,2,7,0,13,1,0,0,9,89
E01011191, 686 ,94,13.7,6,0,7,6,0,1,13,0,6,3,0,0,5,31
E01011192, 737 ,143,19.4,14,0,10,16,3,2,11,1,14,0,0,0,13,44
E01011193, 951 ,124,13.0,14,0,2,10,0,1,8,0,35,0,1,0,5,97
E01011194, 624 ,65,10.4,1,0,4,4,0,1,0,0,3,0,0,0,1,21
E01011079, 913 ,286,31.3,19,0,5,17,4,10,18,0,66,6,21,3,13,95
E01011083, 740 ,113,15.3,8,0,6,5,0,0,3,1,16,0,0,0,5,37
E01011084, 679 ,215,31.7,18,0,12,17,10,5,10,3,30,0,0,0,6,126
E01011085, 713 ,117,16.4,8,0,9,11,4,3,11,3,29,1,2,1,5,97
E01011224, 825 ,193,23.4,12,1,7,35,7,1,25,4,39,3,2,1,7,138
E01011226, 668 ,100,15.0,38,0,8,9,3,5,8,1,20,3,0,1,3,61
E01011227, 807 ,152,18.8,14,0,7,37,4,7,21,3,35,1,0,4,8,146
E01011228, 665 ,104,15.6,11,0,8,19,6,3,16,3,35,4,1,2,6,152
E01011071, 851 ,128,15.0,4,0,9,6,0,2,8,0,8,0,0,0,4,40
E01011072, 710 ,98,13.8,18,1,12,15,1,6,10,3,17,1,1,1,7,78
E01011073, 721 ,160,22.2,18,1,4,15,4,0,16,1,35,3,19,0,16,94
E01011078, 892 ,201,22.5,9,0,10,12,3,1,11,4,13,1,0,0,5,50
E01011086, 722 ,73,10.1,9,0,5,10,1,2,7,0,11,2,0,0,4,27
E01011087, 761 ,108,14.2,6,0,4,5,2,4,8,0,24,0,2,0,6,86
E01011088, 614 ,56,9.1,3,0,1,3,0,0,2,0,7,0,0,0,2,3
E01011222, 940 ,180,19.1,7,0,6,17,2,4,20,2,27,4,1,0,9,112
E01011190, 749 ,106,14.2,3,0,4,13,1,3,3,1,16,1,0,0,3,26
E01011195, 510 ,86,16.9,6,0,2,1,0,0,4,0,11,0,0,0,2,27
E01011196, 803 ,83,10.3,6,0,9,9,1,4,7,1,18,1,3,1,4,56
E01011197, 686 ,131,19.1,4,0,4,9,0,4,7,1,13,0,2,0,5,44
E01011070, 717 ,124,17.3,10,1,6,4,4,5,2,2,13,0,0,0,4,14
E01011074, 861 ,177,20.6,14,1,8,12,1,1,11,0,11,0,0,0,12,41
E01011075, 665 ,154,23.2,13,0,3,13,1,3,5,3,20,0,3,1,8,72
E01011076, 645 ,108,16.7,10,0,2,11,0,2,2,0,9,0,0,0,8,22
E01011169, 633 ,72,11.4,9,0,9,16,1,9,5,0,11,1,0,0,7,54
E01011170, 815 ,98,12.0,7,0,4,5,1,8,4,0,6,0,1,0,6,33
E01011173, 538 ,57,10.6,2,0,2,2,1,0,3,2,0,0,0,0,3,13
E01011176, 610 ,83,13.6,6,0,5,3,1,1,1,1,9,0,0,0,4,40
E01034588," 1,161 ",192,16.5,0,0,0,0,0,0,0,0,1,0,0,0,0,1
E01011109, 822 ,131,15.9,4,0,6,6,2,0,1,0,14,0,0,0,5,50
E01011113, 743 ,89,12.0,7,0,13,5,2,1,3,0,15,1,2,0,3,32
E01011114, 760 ,127,16.7,18,1,2,9,0,0,3,1,18,0,0,0,5,53
E01011119, 673 ,125,18.6,2,0,4,3,0,1,7,0,4,0,0,0,3,22
E01011168, 724 ,101,14.0,1,0,1,3,3,0,4,0,3,0,0,0,2,24
E01011174, 763 ,75,9.8,9,0,8,16,3,2,6,0,6,0,0,0,8,38
E01011175, 721 ,127,17.6,16,0,7,12,3,2,9,1,33,0,0,0,5,86
E01011177, 873 ,100,11.5,11,1,3,5,5,1,7,1,17,0,0,2,4,63
E01011178, 919 ,170,18.5,18,0,9,23,1,2,46,1,41,1,8,0,4,94
E01011118, 644 ,108,16.8,5,0,3,4,1,3,2,1,6,0,0,1,5,34
E01011120, 591 ,48,8.1,0,0,3,1,0,0,1,0,3,1,0,0,1,17
E01011198, 679 ,122,18.0,6,0,9,4,0,2,5,0,17,0,0,1,2,24
E01011199, 630 ,94,14.9,11,0,6,5,1,1,12,1,10,0,5,0,7,34
E01011110, 640 ,93,14.5,2,0,7,7,0,2,5,1,17,0,1,0,5,59
E01011111, 751 ,93,12.4,10,0,7,11,0,3,22,1,17,0,3,1,9,61
E01011112, 698 ,109,15.6,4,0,0,6,1,0,2,1,17,2,0,0,4,27
E01011115, 801 ,139,17.4,1,0,9,2,0,2,8,0,6,0,1,0,5,22
E01011116, 714 ,86,12.0,3,0,3,5,0,2,1,0,7,1,0,0,4,29
E01011117, 765 ,122,15.9,2,0,7,7,1,1,2,0,6,0,0,0,5,38
E01011180, 824 ,102,12.4,6,1,7,4,3,4,5,1,8,0,0,0,4,35
E01011182, 783 ,155,19.8,14,0,3,8,6,0,6,0,11,2,0,0,6,38
E01011186, 808 ,94,11.6,5,0,9,11,0,1,3,1,17,1,13,0,0,39
E01011188, 734 ,81,11.0,5,0,15,6,0,1,2,0,16,0,0,1,1,48
E01011179, 772 ,115,14.9,32,0,4,5,2,0,0,0,17,0,0,0,8,34
E01011181, 859 ,149,17.3,15,0,8,15,5,5,13,0,27,1,41,3,4,109
E01011183, 946 ,134,14.2,12,0,6,19,3,1,12,1,16,1,0,0,9,47
E01011184, 598 ,110,18.4,6,0,5,25,5,4,7,0,25,3,3,2,7,67
E01011185, 742 ,113,15.2,5,0,4,7,1,5,7,1,6,0,0,0,5,55
E01011187, 708 ,81,11.4,8,0,6,18,8,5,6,0,13,0,3,1,4,57
E01011189, 786 ,101,12.8,15,0,6,14,1,3,11,0,18,0,1,1,3,35
E01011698, 652 ,69,10.6,8,0,4,13,0,0,3,0,6,0,5,0,1,37
E01011699, 596 ,39,6.5,0,0,2,1,2,3,1,0,3,1,0,0,0,14
E01011701, 612 ,44,7.2,6,0,4,3,0,6,1,0,9,1,0,0,1,21
E01011702, 680 ,51,7.5,2,0,17,0,0,0,3,0,9,0,0,0,1,20
E01011703, 585 ,50,8.5,0,0,3,0,0,1,1,0,0,0,0,0,0,6
E01011697, 707 ,107,15.1,10,0,15,8,5,8,12,0,9,0,1,0,22,116
E01011700, 620 ,53,8.5,3,1,8,8,1,12,53,0,9,1,4,0,3,131
E01011704," 1,178 ",115,9.8,51,6,19,33,5,3,36,0,68,2,47,8,8,120
E01011705, 661 ,91,13.8,6,1,7,12,1,1,4,0,13,0,6,0,5,42
E01011581, 750 ,98,13.1,1,0,5,12,1,0,4,0,11,1,0,0,7,37
E01011582, 770 ,120,15.6,6,0,2,14,2,4,7,1,24,0,0,1,2,81
E01011583, 664 ,86,13.0,7,0,2,11,0,1,2,0,11,0,1,0,4,25
E01011584, 783 ,75,9.6,5,0,6,10,3,0,6,0,10,0,0,1,4,43
E01011569, 921 ,118,12.8,9,0,10,29,4,5,17,2,37,1,20,1,10,72
E01011571, 780 ,121,15.5,2,0,5,2,0,4,3,0,10,0,0,2,6,37
E01011572, 850 ,100,11.8,6,0,5,4,1,5,4,2,9,0,0,0,2,18
E01011573, 556 ,74,13.3,2,0,5,3,4,1,1,0,5,0,0,0,9,39
E01011574, 715 ,105,14.7,7,2,1,6,0,0,9,2,19,1,56,1,15,58
E01011707, 616 ,67,10.9,3,0,5,5,4,12,4,3,16,0,0,0,3,54
E01011709, 863 ,87,10.1,14,0,9,8,4,0,6,0,5,0,2,0,4,45
E01011710, 647 ,69,10.7,2,0,13,2,0,2,1,0,0,0,0,1,1,37
E01011711, 679 ,95,14.0,18,1,2,23,0,2,5,0,20,1,0,1,4,32
E01011712, 631 ,95,15.1,5,1,8,14,19,2,39,1,12,2,0,15,10,88
E01011561, 542 ,79,14.6,5,0,15,6,0,0,6,1,13,0,5,0,7,42
E01011696, 678 ,84,12.4,4,0,6,4,0,2,5,0,4,0,0,0,4,23
E01011706, 638 ,61,9.6,6,1,4,2,0,1,4,0,12,0,1,0,4,27
E01011708, 647 ,99,15.3,0,0,5,5,3,0,6,1,3,0,0,0,1,22
E01011713, 725 ,84,11.6,5,0,6,6,0,0,6,1,7,0,0,0,5,24
E01011570, 985 ,117,11.9,3,0,5,8,0,3,13,2,12,0,0,0,8,42
E01011576, 602 ,72,12.0,4,0,6,2,0,1,11,0,13,1,0,1,7,22
E01032503, 632 ,67,10.6,7,0,10,6,5,18,19,6,20,0,4,3,17,41
E01032504, 766 ,86,11.2,13,1,5,10,3,3,13,1,16,1,0,1,18,53
E01011266," 1,174 ",74,6.3,7,2,12,6,0,4,14,0,15,2,6,0,13,42
E01011270, 703 ,93,13.2,1,0,8,1,1,2,1,0,11,0,0,0,11,13
E01011279, 598 ,75,12.5,4,0,1,3,1,3,4,0,6,0,0,0,2,23
E01011280, 858 ,79,9.2,8,0,9,1,1,0,4,0,7,0,4,1,4,47
E01011265, 937 ,105,11.2,23,0,10,16,3,8,26,1,39,2,50,3,16,93
E01011267, 743 ,101,13.6,11,1,8,20,0,5,11,2,17,2,0,2,5,101
E01011271, 926 ,92,9.9,6,0,7,4,0,2,5,0,9,0,0,0,5,24
E01011272, 586 ,54,9.2,11,0,4,2,0,1,2,0,12,0,0,1,4,16
E01011268, 651 ,91,14.0,19,0,3,23,0,3,7,0,18,1,3,0,7,102
E01011273, 745 ,87,11.7,24,1,7,26,2,2,10,1,26,1,35,0,9,69
E01011274, 687 ,133,19.4,20,1,4,21,7,7,25,1,51,1,32,0,9,110
E01011275, 633 ,75,11.8,15,2,4,16,2,6,53,0,33,0,2,2,3,101
E01011264, 595 ,81,13.6,4,0,1,2,2,1,8,1,6,0,0,0,3,24
E01011269, 774 ,101,13.0,11,2,0,9,0,1,13,0,18,0,3,1,9,70
E01011276, 810 ,94,11.6,8,0,4,8,0,2,5,0,9,1,0,0,6,29
E01011578, 641 ,79,12.3,7,1,8,2,5,12,16,2,13,0,2,3,13,45
E01011554, 609 ,65,10.7,12,0,7,10,1,2,5,1,22,3,5,0,8,39
E01011562, 648 ,68,10.5,6,0,6,4,0,0,8,1,16,0,10,0,6,25
E01011563, 631 ,50,7.9,5,0,10,5,1,1,4,0,4,5,0,0,8,29
E01011564, 626 ,57,9.1,2,0,8,1,0,1,1,1,3,1,0,0,1,13
E01011567, 580 ,54,9.3,6,0,7,4,1,3,2,0,4,1,0,0,1,12
E01011376, 698 ,65,9.3,4,0,1,4,0,6,5,0,8,0,9,0,5,19
E01011377, 629 ,59,9.4,5,0,7,2,2,4,1,1,6,0,2,0,4,13
E01011378, 724 ,104,14.4,23,2,20,32,6,4,22,2,67,2,0,2,10,184
E01011382, 762 ,69,9.1,5,0,6,6,0,2,4,0,5,1,0,0,9,26
E01011277, 661 ,63,9.5,2,0,3,8,0,1,1,0,4,0,0,0,11,19
E01011278, 761 ,88,11.6,18,1,8,19,3,4,11,1,18,0,0,0,18,59
E01011579, 536 ,68,12.7,3,0,1,4,0,0,3,0,3,0,0,0,14,26
E01011580, 640 ,65,10.2,4,0,5,4,2,1,6,1,3,0,0,0,15,25
E01011556, 815 ,96,11.8,10,1,5,10,1,4,9,1,10,0,3,0,9,62
E01011557, 630 ,60,9.5,1,0,5,4,0,1,7,0,7,0,2,0,6,12
E01011565, 615 ,63,10.2,0,0,6,7,0,1,4,0,3,0,0,0,3,33
E01011566, 576 ,49,8.5,0,0,7,3,1,3,4,0,4,0,0,0,2,26
E01011568, 934 ,60,6.4,6,0,13,5,0,4,3,0,7,1,0,0,2,30
E01011380, 694 ,50,7.2,10,1,6,10,0,0,7,0,15,0,16,1,11,61
E01011381, 580 ,42,7.2,13,0,6,8,1,2,11,0,10,0,0,2,2,28
E01011385, 548 ,47,8.6,4,0,6,5,0,1,3,0,2,0,0,0,7,28
E01011386, 769 ,75,9.8,3,1,5,3,2,0,16,1,10,0,8,0,8,28
E01011379, 784 ,104,13.3,49,4,9,20,2,3,22,3,48,3,56,1,5,101
E01011384, 685 ,83,12.1,5,1,7,21,5,7,11,1,18,0,0,0,14,75
E01032501, 528 ,59,11.2,4,0,11,7,3,0,3,1,11,0,0,0,4,35
E01032502, 880 ,127,14.4,15,1,6,24,6,6,12,2,36,2,0,1,10,123
E01011555, 583 ,53,9.1,9,0,6,2,1,2,4,1,10,0,0,0,2,21
E01011558, 764 ,108,14.1,33,2,13,37,4,7,21,4,62,3,18,3,21,155
E01011559, 608 ,106,17.4,35,5,11,17,3,15,25,3,57,8,48,2,7,140
E01011560, 889 ,136,15.3,9,0,7,25,6,6,16,0,35,1,0,1,9,120
E01011383, 777 ,94,12.1,19,1,13,12,1,4,13,0,13,0,1,0,6,61
E01011388, 750 ,51,6.8,20,1,5,16,0,1,12,0,23,0,0,0,6,61
E01011684, 674 ,84,12.5,6,3,4,8,2,3,7,0,15,2,4,1,7,41
E01011695, 750 ,119,15.9,15,2,6,33,6,13,13,3,31,2,1,2,13,169
E01011650, 619 ,64,10.3,34,2,10,15,5,8,14,2,16,2,0,3,9,71
E01011651, 659 ,87,13.2,2,1,10,12,1,2,6,0,9,0,0,0,10,58
E01011653, 648 ,98,15.1,4,2,8,6,0,0,10,0,17,2,10,0,8,47
E01011655, 747 ,101,13.5,39,3,8,6,7,2,22,0,12,7,0,1,15,27
E01011455, 494 ,51,10.3,3,2,4,2,0,0,6,0,3,0,0,0,5,13
E01011456, 693 ,66,9.5,5,0,11,16,3,1,3,0,7,0,0,0,10,25
E01011459, 793 ,106,13.4,37,5,12,14,1,8,17,2,36,2,29,1,9,78
E01011461, 632 ,52,8.2,11,0,7,6,0,0,4,0,5,0,0,0,16,21
E01011311, 499 ,47,9.4,1,0,5,7,0,1,6,2,17,0,0,0,2,36
E01011649, 680 ,77,11.3,3,0,7,4,1,1,3,0,6,0,0,0,5,24
E01011715, 597 ,51,8.5,7,1,10,7,2,4,8,0,6,0,1,1,5,22
E01011719, 655 ,85,13.0,2,0,19,15,3,3,5,1,6,0,0,0,4,12
E01011509, 663 ,67,10.1,6,0,7,4,1,1,4,1,10,1,0,1,5,27
E01011511, 550 ,60,10.9,11,0,8,14,1,2,6,0,8,0,0,0,8,36
E01011512, 734 ,96,13.1,16,0,14,18,5,3,16,3,26,4,18,1,4,70
E01011515, 684 ,72,10.5,5,1,4,6,1,2,3,0,10,1,3,1,2,29
E01011516, 679 ,72,10.6,2,0,4,5,1,1,1,0,6,2,0,0,7,16
E01011508, 489 ,55,11.2,6,0,2,5,0,3,5,1,2,0,0,0,4,12
E01011517, 772 ,93,12.0,10,0,7,10,3,2,10,0,17,6,2,1,6,66
E01011652, 577 ,61,10.6,6,0,5,3,2,0,8,0,4,1,15,0,15,28
E01011654, 554 ,63,11.4,5,1,15,7,2,2,5,0,4,1,0,0,10,29
E01011505, 671 ,80,11.9,10,1,4,6,2,5,3,0,12,2,3,0,7,38
E01011506, 541 ,69,12.8,2,1,1,2,1,0,1,0,1,0,0,0,3,29
E01011507, 687 ,79,11.5,3,0,2,5,1,0,16,1,12,0,2,0,3,30
E01011510, 858 ,122,14.2,23,4,10,16,10,2,21,3,39,2,0,4,5,105
E01011514, 663 ,61,9.2,6,1,9,8,5,5,9,0,30,1,18,1,9,55
E01011452, 680 ,74,10.9,12,0,15,8,3,1,22,0,12,6,4,0,13,33
E01011454, 706 ,91,12.9,3,1,15,8,1,0,9,1,15,1,7,1,10,15
E01011457, 637 ,80,12.6,7,1,3,3,0,3,4,1,8,0,0,0,4,21
E01011458," 1,050 ",88,8.4,6,1,9,9,1,1,11,3,15,1,1,2,9,60
E01011465, 860 ,108,12.6,26,0,9,23,1,4,12,1,24,3,0,2,19,72
E01011453, 727 ,77,10.6,2,1,10,8,2,2,5,0,7,1,0,1,15,19
E01011460, 675 ,82,12.1,11,0,11,13,2,6,7,1,9,0,0,1,10,61
E01011462, 746 ,113,15.1,14,0,7,16,3,5,5,1,22,0,0,0,4,63
E01011463, 781 ,100,12.8,17,1,14,16,3,4,8,1,15,1,1,2,15,88
E01011464, 923 ,101,10.9,18,1,10,12,0,1,22,1,14,3,7,1,17,59
E01011714, 794 ,50,6.3,16,0,23,19,1,1,10,0,7,2,43,1,10,38
E01011716, 647 ,69,10.7,19,0,15,9,1,1,12,0,12,2,2,2,14,58
E01011717, 744 ,73,9.8,15,0,11,16,2,4,11,2,22,2,0,1,3,58
E01011718, 851 ,91,10.7,17,1,13,25,3,3,7,0,30,0,0,0,10,141
E01011720, 717 ,97,13.5,73,2,10,65,7,12,26,0,59,4,24,0,13,157
E01011296, 800 ,89,11.1,0,0,5,4,0,3,6,0,7,0,0,0,4,17
E01011297, 728 ,86,11.8,24,1,9,7,1,1,9,2,9,0,0,0,13,34
E01011309, 681 ,111,16.3,3,0,13,7,1,2,7,1,10,0,0,0,6,43
E01011310, 750 ,98,13.1,7,1,3,2,4,1,0,1,21,0,0,0,4,35
E01011513, 998 ,67,6.7,10,0,7,3,1,1,5,0,8,1,0,0,15,51
E01011688, 636 ,57,9.0,20,1,3,11,3,1,7,0,13,2,2,0,14,39
E01011689, 822 ,92,11.2,13,1,4,27,1,2,5,0,14,0,2,1,5,62
E01011691, 714 ,103,14.4,18,2,8,15,6,2,16,3,30,1,40,3,9,83
E01011504, 776 ,126,16.2,12,1,9,15,3,6,10,0,20,5,0,0,8,74
E01011641, 633 ,66,10.4,13,1,8,14,1,0,10,1,26,1,0,1,17,54
E01011642, 505 ,56,11.1,9,1,20,12,2,0,9,1,5,0,0,0,14,40
E01011645, 635 ,102,16.1,23,9,13,14,6,3,21,3,34,3,22,3,19,56
E01011484, 688 ,148,21.5,28,1,10,25,9,11,18,3,38,3,52,0,10,136
E01011485, 782 ,112,14.3,21,1,9,20,2,3,15,0,36,0,0,0,5,99
E01011686, 827 ,122,14.8,22,3,11,31,9,9,18,8,42,6,2,1,15,135
E01032493, 661 ,57,8.6,5,0,5,13,0,0,7,0,9,0,0,0,10,18
E01032494, 746 ,147,19.7,20,1,7,29,3,7,11,2,23,2,9,0,10,116
E01011350, 701 ,78,11.1,23,4,11,20,10,3,26,3,21,2,24,3,13,64
E01011351, 928 ,114,12.3,12,2,4,5,1,1,14,0,16,5,0,1,7,40
E01011352, 988 ,143,14.5,16,3,9,16,7,4,29,2,38,3,68,0,17,70
E01011353, 872 ,76,8.7,6,1,7,4,3,1,11,1,10,0,0,3,11,27
E01011656, 656 ,106,16.2,19,3,24,32,7,10,15,1,16,0,0,1,9,124
E01011657, 624 ,100,16.0,31,0,22,28,13,8,33,5,85,3,2,5,26,207
E01011659, 683 ,111,16.3,19,1,14,22,6,5,15,2,38,0,0,2,6,124
E01011661, 899 ,128,14.2,57,6,24,47,12,11,26,7,98,7,113,9,23,215
E01011643, 654 ,74,11.3,11,1,16,4,3,0,11,0,8,0,0,0,17,41
E01011644, 575 ,68,11.8,15,0,14,15,1,1,8,1,18,0,0,5,3,51
E01011646, 671 ,92,13.7,8,4,22,9,6,1,5,0,21,0,0,2,5,80
E01011647, 556 ,129,23.2,19,3,15,22,12,9,16,2,52,4,57,3,25,110
E01011648, 594 ,125,21.0,19,0,18,13,4,6,6,1,5,1,1,0,12,50
E01011354, 669 ,131,19.6,6,1,8,27,3,6,14,0,37,1,0,0,12,134
E01011355, 629 ,113,18.0,5,1,4,14,1,3,8,1,14,1,0,1,6,62
E01011357, 933 ,239,25.6,20,3,19,20,11,11,28,6,36,10,1,5,11,154
E01011450, 540 ,60,11.1,10,2,11,12,2,6,7,0,9,1,0,2,11,61
E01011588, 728 ,77,10.6,14,2,5,8,2,4,9,2,17,0,0,3,12,54
E01011589, 722 ,88,12.2,24,0,14,8,2,0,1,3,9,2,0,2,15,44
E01011590, 679 ,66,9.7,55,0,7,10,1,0,7,1,5,0,0,0,12,32
E01011592, 811 ,89,11.0,7,0,5,9,1,1,3,0,11,0,0,2,8,49
E01011593, 871 ,72,8.3,8,0,7,11,5,3,4,0,17,2,1,2,8,44
E01011421, 619 ,121,19.5,13,1,25,11,6,2,16,3,17,4,15,2,10,95
E01011425, 623 ,84,13.5,15,0,19,12,0,3,6,0,12,1,5,1,12,61
E01011658, 770 ,148,19.2,18,1,22,18,4,5,11,0,31,1,0,0,6,110
E01011660, 774 ,134,17.3,22,2,43,36,8,9,34,3,65,0,0,3,16,235
E01011662, 536 ,121,22.6,24,2,14,36,6,9,18,5,43,2,1,3,12,167
E01011721, 637 ,105,16.5,77,2,16,53,5,5,21,0,35,1,0,3,13,145
E01011722, 935 ,104,11.1,47,3,15,50,7,8,15,0,57,5,42,1,9,160
E01011723, 730 ,111,15.2,63,2,17,70,2,15,10,5,64,5,47,0,8,135
E01011724, 865 ,119,13.8,38,0,12,34,9,8,12,2,49,3,0,0,13,172
E01011356, 962 ,123,12.8,17,7,16,23,11,3,25,3,39,2,1,3,22,116
E01011358, 734 ,152,20.7,32,0,10,19,3,6,19,1,47,14,0,2,11,108
E01011359, 855 ,202,23.6,10,1,5,14,5,3,20,3,47,5,1,4,23,87
E01011360, 773 ,247,32.0,42,1,5,36,14,8,27,4,39,10,1,1,12,152
E01011361," 1,174 ",364,31.0,15,0,19,51,25,12,39,12,64,10,5,6,30,271
E01011435, 626 ,269,43.0,15,6,12,17,5,4,17,2,31,2,90,2,18,52
E01011440, 687 ,214,31.1,24,10,12,31,11,5,41,2,44,11,52,9,38,122
E01011441, 708 ,246,34.7,10,2,6,30,3,3,16,3,21,2,48,0,32,52
E01035040, 556 ,266,47.8,0,0,0,0,0,0,0,0,0,0,0,0,0,2
E01011477, 943 ,143,15.2,23,13,7,25,0,5,66,2,24,3,56,1,23,110
E01011480, 670 ,109,16.3,7,2,9,7,6,3,8,2,21,0,0,1,23,39
E01011488, 722 ,142,19.7,18,19,12,9,3,6,29,1,31,3,59,1,20,99
E01011489, 886 ,130,14.7,9,3,8,19,1,2,6,0,28,0,0,1,15,100
E01011324, 566 ,158,27.9,25,0,5,26,6,8,18,5,35,2,0,0,14,173
E01011325, 777 ,82,10.6,24,0,4,22,5,0,8,1,30,0,3,1,14,95
E01011326, 649 ,118,18.2,19,0,15,39,4,6,15,4,27,1,1,0,9,123
E01011332, 708 ,139,19.6,46,3,13,29,7,8,14,7,41,0,1,1,12,142
E01011423, 631 ,143,22.7,7,1,19,32,3,4,8,2,35,1,2,1,13,102
E01011424, 591 ,149,25.2,14,2,18,17,4,2,6,7,21,2,1,0,23,87
E01011427, 601 ,193,32.1,24,0,14,29,10,4,19,10,51,1,0,1,26,145
E01011431, 856 ,175,20.4,34,2,27,53,9,15,27,2,55,1,3,3,23,242
E01011422, 563 ,225,40.0,18,2,6,24,16,11,16,3,36,5,0,2,17,106
E01011426, 519 ,247,47.6,18,0,9,22,13,5,14,5,21,3,0,4,16,116
E01011428, 668 ,292,43.7,34,2,11,34,34,10,37,15,116,17,2,16,26,207
E01011429, 758 ,323,42.6,31,3,10,42,15,8,25,6,46,10,1,3,21,203
E01011663, 606 ,122,20.1,30,3,18,52,13,13,20,4,58,0,14,2,7,265
E01011664, 594 ,101,17.0,24,0,15,20,4,2,16,0,29,2,16,1,3,82
E01011665, 664 ,104,15.7,44,3,19,62,5,7,24,4,78,3,71,3,14,141
E01011667, 560 ,162,28.9,30,1,19,47,8,9,9,3,66,0,0,2,9,177
E01011323, 631 ,76,12.0,18,0,12,19,3,2,4,3,14,1,4,1,9,49
E01011329, 718 ,79,11.0,26,1,14,9,4,0,8,2,16,1,0,0,17,33
E01011330, 601 ,85,14.1,17,0,16,16,1,2,15,1,27,0,0,2,17,77
E01011333, 654 ,95,14.5,18,1,15,30,2,8,8,3,40,1,0,1,9,118
E01011327, 675 ,73,10.8,6,0,6,16,1,0,7,2,19,1,0,0,7,76
E01011328, 726 ,94,12.9,29,4,9,15,3,9,5,2,39,4,23,2,13,92
E01011335, 840 ,101,12.0,26,2,14,44,6,11,29,2,52,0,9,1,10,159
E01011591, 852 ,83,9.7,8,3,4,6,5,7,4,1,34,3,2,1,13,63
E01011430, 501 ,213,42.5,22,2,6,28,7,4,12,3,40,0,0,2,19,139
E01011432, 589 ,292,49.6,63,2,14,45,31,12,37,15,56,3,15,10,39,271
E01011433, 710 ,363,51.1,57,8,29,94,80,22,51,15,133,7,25,12,51,367
E01011434, 677 ,332,49.0,46,3,18,45,31,13,24,9,84,3,4,3,38,249
E01011445, 487 ,240,49.3,20,1,15,7,1,1,9,0,23,3,18,2,16,54
E01011446, 533 ,250,46.9,8,1,15,13,0,2,7,0,13,1,0,0,11,37
E01011447, 446 ,219,49.1,23,0,15,11,5,2,17,0,25,5,7,0,17,61
E01011448, 499 ,215,43.1,21,2,7,18,5,2,14,2,16,2,0,0,15,80
E01011449, 633 ,251,39.7,17,1,16,18,4,3,14,3,22,2,6,1,10,46
E01011670, 813 ,157,19.3,13,4,18,21,10,5,24,4,29,2,0,1,14,92
E01011671, 666 ,146,21.9,23,8,15,29,10,13,26,6,45,10,14,6,17,119
E01033002," 1,037 ",99,9.5,22,5,23,28,8,7,48,3,32,17,5,6,42,101
E01033003," 1,213 ",146,12.0,18,7,16,20,9,5,24,3,26,11,13,5,34,81
E01035042, 484 ,85,17.6,0,0,0,0,2,0,0,0,0,0,0,0,0,7
E01035043, 450 ,155,34.4,0,0,0,0,0,0,0,0,1,0,0,0,0,0
E01011478, 830 ,227,27.3,23,3,10,18,5,2,16,0,22,3,26,1,26,77
E01011479, 633 ,256,40.4,10,4,6,2,0,1,16,0,3,1,0,1,18,29
E01011481, 731 ,246,33.7,47,7,17,22,9,3,57,3,31,8,6,5,24,112
E01011482, 897 ,197,22.0,25,14,13,20,6,8,48,4,51,7,80,9,32,113
E01011483, 719 ,237,33.0,35,4,8,39,17,7,48,2,57,7,6,6,31,160
E01011406, 607 ,76,12.5,15,0,7,7,1,2,6,1,8,0,0,1,5,25
E01011407, 680 ,89,13.1,8,3,17,11,0,6,6,3,22,1,2,0,3,63
E01011408, 789 ,92,11.7,27,5,15,14,3,3,22,5,49,2,57,7,16,103
E01011409, 681 ,112,16.4,25,2,12,22,1,1,8,1,17,1,14,1,12,89
E01011410, 800 ,41,5.1,13,0,7,13,2,1,6,1,6,0,0,2,7,54
E01011412, 823 ,74,9.0,9,1,17,11,0,1,8,1,11,0,0,0,9,53
E01011331, 653 ,107,16.4,24,0,20,47,2,4,8,2,20,2,1,1,18,54
E01011334, 710 ,148,20.8,11,1,10,28,5,2,30,0,29,1,4,0,14,90
E01011336, 856 ,122,14.3,75,1,25,85,7,8,34,8,92,6,120,6,18,216
E01011337, 582 ,157,27.0,8,2,8,26,1,9,16,2,23,2,1,0,3,122
E01011281, 926 ,121,13.1,22,2,21,31,14,9,15,2,39,3,33,5,17,136
E01011282, 637 ,119,18.7,20,2,8,34,2,6,25,0,26,2,0,0,12,144
E01011283, 649 ,137,21.1,21,0,4,96,4,8,11,2,42,2,3,2,9,166
E01011286, 602 ,68,11.3,9,1,8,14,1,3,23,0,26,1,1,0,6,65
E01011295, 772 ,108,14.0,29,0,5,25,6,3,12,2,33,1,0,1,13,153
E01011339, 887 ,151,17.0,58,5,51,41,8,9,18,6,57,5,24,3,28,153
E01011340, 691 ,133,19.2,23,6,39,38,13,9,23,4,33,9,3,2,12,149
E01011342, 681 ,179,26.3,36,3,30,58,11,7,16,1,74,3,27,1,16,239
E01011346, 813 ,171,21.0,37,0,25,55,10,9,15,3,56,5,9,5,15,149
E01011341, 901 ,132,14.7,51,10,21,36,5,7,32,2,96,4,295,7,16,170
E01011343, 956 ,94,9.8,54,1,20,38,3,9,65,4,47,3,22,0,20,123
E01011345, 692 ,130,18.8,24,1,7,17,1,5,7,2,34,1,1,2,5,88
E01011666, 616 ,79,12.8,18,1,10,13,3,0,12,0,24,0,8,1,9,61
E01011585, 687 ,96,14.0,10,1,8,9,1,8,13,0,19,0,0,0,8,62
E01011587, 817 ,119,14.6,24,2,14,21,6,14,96,4,57,4,173,2,39,85
E01011594, 650 ,113,17.4,4,0,1,6,1,3,7,0,6,0,0,0,6,56
E01011596, 801 ,61,7.6,14,1,9,14,1,6,16,1,27,0,37,0,12,46
E01011598, 779 ,117,15.0,8,3,14,7,5,5,5,0,15,1,34,1,23,51
E01011678, 887 ,225,25.4,27,35,25,36,6,4,44,1,67,4,35,4,94,166
E01011681, 666 ,175,26.3,33,7,22,28,15,8,36,9,42,9,9,4,20,108
E01035044, 672 ,250,37.2,0,0,0,0,0,0,0,0,0,0,0,0,0,3
E01035045, 641 ,136,21.2,0,0,0,0,0,1,0,0,0,0,0,0,0,0
E01011338, 827 ,142,17.2,7,5,9,27,11,4,22,1,40,7,17,2,13,118
E01011673, 806 ,370,45.9,16,3,27,24,24,6,45,5,53,6,20,2,29,191
E01011677, 806 ,251,31.1,67,13,25,55,43,21,57,15,88,10,6,12,41,284
E01033031, 888 ,85,9.6,29,25,35,49,16,13,56,10,77,15,53,17,60,207
E01033035, 787 ,144,18.3,8,16,17,42,14,4,45,4,76,3,6,7,26,302
E01011344, 860 ,372,43.3,86,5,25,72,27,17,45,18,122,8,51,9,26,352
E01011347, 810 ,353,43.6,29,5,27,62,21,12,36,11,90,9,10,9,23,254
E01011348, 701 ,196,28.0,18,4,21,29,13,4,27,4,55,7,52,4,22,165
E01011349, 944 ,172,18.2,11,2,13,27,27,4,32,9,58,9,1,5,20,169
E01011586, 723 ,83,11.5,6,2,3,4,1,1,1,0,11,0,5,2,13,64
E01011595, 829 ,84,10.1,18,4,3,10,3,17,10,1,17,2,0,0,15,64
E01011597, 580 ,110,19.0,24,3,7,24,14,8,21,0,33,5,15,1,25,107
E01011599, 724 ,93,12.8,5,3,3,8,12,5,3,0,20,0,2,1,10,51
E01011287, 672 ,70,10.4,8,1,18,11,4,4,99,2,14,2,17,0,22,53
E01032499, 720 ,66,9.2,26,1,9,46,4,1,6,2,22,1,4,0,15,81
E01032500, 657 ,216,32.9,25,3,30,51,15,8,25,3,41,3,0,3,20,203
E01032606, 952 ,108,11.3,14,3,11,41,9,4,23,2,30,1,3,0,17,164
E01032607, 665 ,122,18.3,7,2,16,27,6,8,18,5,35,7,7,4,23,99
E01032608, 535 ,138,25.8,9,0,7,11,5,5,14,2,26,1,0,3,16,86
E01011608, 613 ,79,12.9,14,2,8,33,3,4,19,2,30,3,1,1,27,139
E01011609, 679 ,86,12.7,8,0,11,8,9,2,9,2,34,0,0,0,12,67
E01011610, 712 ,93,13.1,4,2,14,17,7,4,12,1,10,0,2,0,12,38
E01011611, 642 ,99,15.4,14,0,11,20,3,6,12,3,26,4,71,0,18,119
E01011614, 878 ,86,9.8,32,0,19,19,3,2,5,0,13,1,0,1,23,57
E01011413, 614 ,69,11.2,12,1,14,10,0,1,2,2,4,0,0,0,3,55
E01011415, 749 ,98,13.1,62,6,21,39,5,6,21,1,37,8,86,0,21,115
E01011416, 636 ,91,14.3,7,0,5,12,2,2,9,2,9,0,0,0,3,37
E01011417, 763 ,91,11.9,16,0,5,24,1,5,3,2,15,1,0,2,9,59
E01011420, 649 ,66,10.2,164,0,9,27,5,3,28,2,26,1,2,31,14,38
E01011615, 671 ,135,20.1,22,4,20,39,8,13,12,3,52,2,1,2,20,171
E01011617, 703 ,169,24.0,5,1,12,16,5,11,13,2,24,1,2,2,13,100
E01011618, 735 ,215,29.3,38,1,12,32,9,9,11,1,35,4,1,0,18,139
E01011621, 610 ,142,23.3,28,5,23,54,8,13,35,5,41,4,1,2,22,158
E01011284," 1,119 ",354,31.6,25,5,22,54,16,13,29,9,60,6,35,4,29,205
E01011292, 985 ,175,17.8,33,6,30,40,12,7,27,6,66,11,19,9,35,266
E01011293, 873 ,222,25.4,24,4,40,33,13,5,31,6,80,5,79,6,22,214
E01011294, 513 ,109,21.2,21,2,12,41,26,44,93,5,63,4,28,1,18,254
E01011363, 886 ,147,16.6,52,8,27,66,18,25,37,10,69,6,1,2,56,255
E01011616, 716 ,158,22.1,17,8,22,36,3,7,16,2,36,3,18,2,9,142
E01011620, 511 ,127,24.9,19,2,22,34,7,8,23,3,24,1,2,1,7,116
E01011622, 724 ,186,25.7,49,12,34,87,15,15,26,10,74,5,36,6,20,233
E01011624, 745 ,173,23.2,91,3,18,89,17,11,22,5,35,4,2,0,27,142
E01011411, 751 ,68,9.1,74,8,39,41,10,5,63,3,47,4,114,2,33,79
E01011414, 662 ,76,11.5,9,0,8,6,0,1,7,3,18,1,9,0,8,31
E01011418, 643 ,33,5.1,9,1,3,14,1,3,6,0,22,1,89,3,7,59
E01011419, 513 ,21,4.1,6,0,1,5,1,0,2,0,4,0,0,1,2,18
E01011396, 917 ,136,14.8,34,1,17,37,4,2,16,7,34,3,30,2,10,96
E01011399, 639 ,97,15.2,5,0,4,5,1,3,3,0,17,0,0,0,2,35
E01011400, 625 ,86,13.8,22,0,12,13,3,3,11,0,25,1,11,0,9,71
E01011403, 690 ,78,11.3,12,0,7,8,2,1,5,0,9,2,0,0,6,21
E01011623, 721 ,263,36.5,34,2,11,17,7,5,11,8,48,5,5,1,9,145
E01011625, 758 ,294,38.8,36,5,18,32,13,2,24,8,41,4,2,1,14,192
E01011626," 1,200 ",249,20.8,33,5,19,44,12,15,20,4,55,6,1,1,25,229
E01033021," 1,110 ",137,12.3,27,5,16,25,11,2,17,6,33,4,4,2,20,159
E01033033, 678 ,58,8.6,7,2,6,4,5,1,13,1,11,5,0,1,9,43
E01033034, 943 ,53,5.6,8,9,9,4,2,1,17,2,11,1,0,2,23,42
E01011602, 936 ,107,11.4,39,0,6,24,9,2,8,1,40,2,46,3,17,85
E01011603, 727 ,101,13.9,28,0,2,6,1,1,2,0,8,0,1,0,10,32
E01011605, 740 ,74,10.0,10,0,3,7,0,3,5,0,8,2,0,0,7,30
E01011606, 784 ,115,14.7,26,2,5,30,3,11,11,2,20,0,0,0,23,98
E01011613, 714 ,95,13.3,16,0,3,11,0,1,3,0,17,0,0,0,13,64
E01011397, 628 ,78,12.4,4,0,2,6,0,0,0,0,2,0,0,0,3,34
E01011398, 511 ,44,8.6,3,0,0,3,1,0,1,0,4,0,0,0,5,13
E01011401, 731 ,78,10.7,8,0,5,3,1,2,1,0,5,0,0,0,10,43
E01011404, 560 ,57,10.2,3,0,4,6,0,1,0,0,5,0,4,0,11,17
E01011405, 680 ,76,11.2,2,0,8,5,0,2,2,0,4,0,7,0,1,30
E01011725, 696 ,119,17.1,33,0,10,36,4,4,15,6,48,0,1,1,13,195
E01011729, 822 ,191,23.2,30,6,23,41,9,17,50,10,76,6,57,2,21,225
E01011730, 695 ,116,16.7,14,0,21,36,12,10,20,2,42,3,0,1,11,177
E01011735, 732 ,120,16.4,34,1,17,35,4,10,13,2,59,1,1,1,11,195
E01011600, 709 ,65,9.2,17,0,19,12,2,1,8,1,12,1,1,0,16,60
E01011601, 685 ,89,13.0,32,0,9,18,2,6,7,0,37,1,0,0,9,121
E01011604, 636 ,65,10.2,25,0,9,13,1,1,6,1,18,1,0,0,9,62
E01011607, 731 ,79,10.8,13,0,5,5,0,4,6,0,15,0,0,0,6,58
E01011612, 760 ,92,12.1,94,2,10,64,8,5,30,7,108,5,53,5,19,222
E01011726, 680 ,112,16.5,37,3,17,46,12,12,15,1,64,1,10,1,16,204
E01011727, 696 ,65,9.3,29,0,9,15,1,4,17,0,30,2,3,2,11,77
E01011728, 639 ,79,12.4,9,0,12,12,2,6,7,2,18,1,20,1,20,54
E01011739, 765 ,131,17.1,25,3,14,30,5,7,14,1,51,2,5,1,11,154
E01011362," 1,064 ",143,13.4,93,3,32,39,16,10,13,3,76,2,1,5,31,212
E01011731, 623 ,72,11.6,3,0,6,5,0,2,3,1,5,1,0,0,4,34
E01011732, 824 ,80,9.7,7,2,17,18,0,3,9,1,17,2,12,0,18,52
E01011733, 751 ,90,12.0,12,1,11,12,2,8,9,1,17,0,6,1,9,118
E01011366, 807 ,274,34.0,28,1,11,35,28,12,32,6,57,3,0,3,25,175
E01011368, 744 ,313,42.1,13,2,15,34,26,8,19,9,44,14,3,5,18,191
E01011370, 705 ,237,33.6,16,1,6,15,9,8,10,2,27,3,0,1,15,78
E01033013, 740 ,124,16.8,14,6,24,28,17,40,47,8,49,13,13,10,60,139
E01035047, 653 ,46,7.0,0,0,0,0,0,1,0,1,0,0,0,0,0,3
E01011734," 1,226 ",99,8.1,12,1,12,16,4,5,54,2,15,3,4,3,28,84
E01011736, 663 ,79,11.9,4,0,12,14,1,4,12,0,4,0,2,2,14,40
E01011737, 788 ,144,18.3,34,0,6,31,7,6,10,1,52,1,2,1,9,131
E01011738, 676 ,64,9.5,8,1,5,12,1,6,7,2,15,1,15,0,11,90
E01011364, 905 ,137,15.1,55,3,37,64,16,17,39,1,39,6,3,20,34,191
E01011371, 776 ,187,24.1,60,4,20,44,18,14,58,9,123,12,41,4,19,239
E01011373, 615 ,155,25.2,32,2,19,47,23,10,27,6,41,2,2,2,33,164
E01011374, 613 ,206,33.6,24,1,12,17,15,5,13,5,35,3,20,1,16,99
E01011312, 771 ,359,46.6,32,4,41,47,33,14,32,12,71,11,19,6,29,272
E01011316, 713 ,306,42.9,32,0,17,35,24,7,22,7,41,5,0,7,12,204
E01011372, 601 ,257,42.8,15,1,14,34,20,10,29,2,26,4,0,3,20,125
E01011375, 713 ,351,49.2,29,4,22,50,18,5,14,3,39,8,4,1,15,189
E01011390, 621 ,89,14.3,8,0,8,20,2,3,13,0,15,0,0,0,10,67
E01011391, 741 ,120,16.2,7,0,13,6,1,1,3,1,11,0,10,0,9,43
E01011392, 844 ,91,10.8,24,1,8,14,3,3,4,1,24,0,0,1,15,99
E01011402, 909 ,106,11.7,27,1,5,16,4,5,14,0,41,1,0,0,27,142
E01011298, 721 ,124,17.2,40,0,20,27,4,5,17,0,31,0,1,1,13,77
E01011299," 1,199 ",144,12.0,22,2,17,23,8,7,8,2,36,2,0,0,25,119
E01011302, 809 ,88,10.9,5,0,5,11,0,1,5,0,17,0,0,0,2,39
E01011303, 511 ,80,15.7,9,0,2,17,2,0,3,1,5,0,0,1,6,34
E01011300, 639 ,99,15.5,5,0,4,11,0,6,2,0,18,0,0,0,6,60
E01011301, 568 ,39,6.9,4,0,4,1,0,1,1,0,7,1,1,1,5,29
E01011304, 727 ,106,14.6,16,1,10,10,2,4,13,2,19,1,52,2,11,87
E01011305, 673 ,71,10.5,16,0,2,5,2,2,2,0,19,1,0,0,3,58
E01011306, 561 ,66,11.8,4,0,2,0,2,2,3,0,2,0,0,0,4,20
E01011315, 677 ,120,17.7,26,5,19,21,6,11,24,2,41,6,94,3,26,101
E01011317, 909 ,130,14.3,30,1,6,32,9,13,9,1,29,1,0,1,20,181
E01011318, 662 ,119,18.0,47,7,9,32,11,9,18,5,60,4,66,1,13,169
E01011321, 683 ,148,21.7,9,1,6,17,4,9,6,2,14,4,3,2,7,92
E01011369, 764 ,112,14.7,45,8,12,90,212,16,33,5,247,0,12,4,33,263
E01011313, 670 ,178,26.6,9,1,13,20,10,9,6,3,25,2,0,0,9,105
E01011314, 697 ,172,24.7,33,1,11,14,5,4,6,3,19,2,0,3,20,85
E01011319, 638 ,123,19.3,12,0,18,21,12,7,11,4,11,0,0,4,18,60
E01011320, 712 ,132,18.5,27,4,22,15,5,8,9,3,31,4,3,2,15,101
E01011322, 706 ,93,13.2,22,5,35,23,14,8,73,5,46,8,6,1,26,166
E01011471, 679 ,140,20.6,39,3,26,45,7,15,26,5,52,3,41,2,14,152
E01011472, 738 ,139,18.8,34,1,24,46,10,11,18,4,55,5,2,2,14,168
E01011473, 634 ,135,21.3,14,3,22,23,1,3,8,1,50,2,1,2,13,137
E01011474, 675 ,124,18.4,18,1,8,31,5,5,10,6,35,1,0,0,12,135
E01011518," 1,034 ",92,8.9,18,5,13,20,3,11,16,1,22,1,1,1,34,85
E01011524, 568 ,82,14.4,6,0,7,10,3,1,4,0,8,1,15,0,12,45
E01011526, 506 ,23,4.5,2,0,8,3,1,1,3,0,0,0,0,0,6,13
E01011531, 789 ,82,10.4,23,2,19,44,18,26,48,5,93,3,357,16,24,110
E01011466, 657 ,95,14.5,19,0,5,20,5,10,5,1,11,0,0,0,9,106
E01011469, 651 ,53,8.1,13,0,5,14,2,3,17,0,13,2,0,1,7,65
E01011475, 717 ,106,14.8,26,0,22,37,5,5,9,0,34,1,0,2,14,132
E01011476, 509 ,86,16.9,8,0,9,28,1,4,7,0,22,0,0,1,5,117
E01011519, 701 ,93,13.3,9,1,5,15,3,1,7,0,23,0,0,0,11,62
E01011522, 611 ,55,9.0,12,0,10,10,3,4,26,2,17,0,1,0,15,42
E01011525, 716 ,93,13.0,10,1,4,12,5,4,4,0,8,2,0,0,9,31
E01011528, 637 ,39,6.1,19,1,5,4,0,3,28,0,8,1,15,1,13,33
E01011532, 729 ,109,15.0,21,0,8,19,1,7,7,1,38,3,0,2,18,114
E01011520, 694 ,71,10.2,2,0,7,5,2,2,7,1,5,0,0,1,2,28
E01011521," 1,021 ",129,12.6,18,0,10,9,1,3,4,0,28,2,33,0,13,77
E01011523, 839 ,108,12.9,25,2,20,25,12,10,24,1,28,1,43,2,42,78
E01011527, 800 ,75,9.4,25,0,4,15,5,3,6,6,14,0,0,1,13,68
E01011529, 604 ,98,16.2,18,1,14,36,6,3,6,1,29,0,2,0,7,80
E01011635, 791 ,82,10.4,30,3,9,22,6,6,11,3,45,2,12,1,18,81
E01011637, 746 ,73,9.8,18,0,9,14,2,4,3,1,13,0,33,0,18,58
E01011638, 646 ,67,10.4,11,1,5,7,0,1,4,0,12,0,0,0,11,40
E01032487, 472 ,73,15.5,2,0,2,8,1,1,4,0,18,0,0,0,4,65
E01032488, 780 ,55,7.1,10,0,5,15,0,0,9,0,13,1,3,0,12,33
E01011627, 606 ,92,15.2,76,0,3,23,6,5,9,3,50,3,37,1,16,89
E01011628, 604 ,61,10.1,7,0,2,10,2,3,2,0,6,0,1,0,11,32
E01011629, 645 ,84,13.0,9,0,1,17,3,5,12,0,8,0,0,1,12,89
E01011632, 617 ,99,16.0,10,0,3,26,0,4,5,1,27,1,0,2,6,133
E01011633, 661 ,72,10.9,20,2,7,18,0,4,4,0,47,0,56,1,11,68
E01011502, 606 ,79,13.0,9,0,5,14,3,4,8,0,13,0,0,0,6,59
E01032497, 654 ,105,16.1,30,0,9,52,8,5,8,3,57,1,0,3,9,163
E01032498, 740 ,105,14.2,38,1,16,11,3,2,6,2,53,1,99,1,16,60
E01035048, 802 ,52,6.5,0,0,0,1,0,0,0,0,1,0,1,0,0,0
E01035049, 716 ,31,4.3,0,0,0,0,0,0,0,0,1,0,0,0,0,0
E01011496, 627 ,43,6.9,6,0,12,5,1,5,4,0,6,0,0,0,13,31
E01011630, 920 ,80,8.7,23,0,11,10,2,3,10,1,15,0,0,2,25,46
E01011634, 696 ,112,16.1,48,3,6,22,5,3,2,3,36,2,0,0,5,57
E01011636, 868 ,116,13.4,22,1,8,11,6,3,14,1,33,1,2,0,20,72
E01011639, 657 ,103,15.7,34,1,11,5,6,12,20,1,23,1,1,1,19,83
E01011491, 629 ,113,18.0,25,2,12,53,9,18,8,2,34,4,0,1,20,139
E01011492, 682 ,164,24.0,13,1,5,18,1,4,4,1,22,0,0,1,8,100
E01011493, 689 ,136,19.7,23,2,8,48,5,10,12,5,31,2,0,2,18,179
E01011494, 644 ,123,19.1,36,3,10,30,1,8,13,2,27,2,9,2,12,141
E01011497, 698 ,145,20.8,31,2,10,43,9,9,26,1,53,2,1,3,14,154
E01011540, 897 ,127,14.2,49,2,13,54,9,7,15,3,81,2,0,1,9,198
E01032489," 1,009 ",153,15.2,34,1,13,33,3,4,8,2,45,1,0,1,18,131
E01032490, 596 ,31,5.2,30,1,12,8,2,1,2,0,19,2,1,1,5,49
E01032491, 510 ,28,5.5,6,0,7,3,1,3,9,1,10,0,0,0,8,28
E01032492," 1,095 ",236,21.6,24,0,10,27,4,2,6,2,32,2,1,1,16,111
E01011307, 672 ,117,17.4,14,2,13,19,8,3,7,4,19,0,2,2,12,98
E01011308, 680 ,103,15.1,27,0,6,7,3,0,4,0,13,0,0,0,7,89
E01011393, 934 ,98,10.5,14,0,0,2,0,1,3,0,19,0,0,0,1,44
E01011394, 507 ,66,13.0,6,0,3,3,1,2,4,0,6,0,0,0,4,28
E01011395, 480 ,45,9.4,3,0,5,10,2,3,4,0,24,0,0,0,5,48
E01011533, 769 ,115,15.0,13,3,6,16,7,3,17,4,30,2,2,4,22,121
E01011541," 1,216 ",155,12.7,67,5,23,43,4,11,60,7,95,4,140,11,23,220
E01011545, 686 ,105,15.3,5,0,8,5,5,3,4,2,15,0,2,0,9,66
E01011547, 960 ,123,12.8,13,0,16,28,3,10,13,2,31,1,0,2,14,176
E01011500, 710 ,87,12.3,4,1,8,23,5,6,9,0,13,0,0,0,7,53
E01032496, 980 ,91,9.3,17,2,8,22,4,3,3,0,28,1,1,1,13,86
E01035050, 628 ,78,12.4,0,0,0,0,1,1,0,0,0,0,0,0,1,3
E01035051, 622 ,27,4.3,0,0,0,0,1,0,0,0,0,0,0,0,1,0
E01035052, 610 ,84,13.8,0,0,0,0,0,0,0,1,2,0,0,0,0,1
E01035053, 676 ,46,6.8,0,0,0,0,0,0,0,0,0,0,0,0,0,2
E01011530, 654 ,60,9.2,12,2,13,31,10,10,24,0,37,2,2,1,23,93
E01011534," 1,045 ",147,14.1,7,0,7,4,3,5,5,0,18,1,0,2,11,73
E01011546, 804 ,120,14.9,20,2,14,23,7,6,30,1,38,0,18,1,17,115
E01011548, 661 ,86,13.0,5,0,9,5,4,8,9,2,22,1,1,1,12,44
E01011550, 576 ,53,9.2,5,0,9,7,2,3,8,3,14,1,0,0,8,52
E01011537, 990 ,124,12.5,24,0,10,20,8,4,15,3,40,1,6,1,2,100
E01011538, 714 ,137,19.2,35,2,6,28,6,7,7,1,85,2,1,0,21,147
E01011551, 750 ,95,12.7,9,0,5,6,1,3,7,0,16,0,1,0,6,54
E01011552, 619 ,117,18.9,34,0,5,16,2,2,9,0,25,0,0,2,10,102
E01011535, 707 ,78,11.0,13,0,4,7,1,1,0,0,9,0,0,0,4,35
E01011536, 721 ,87,12.1,5,0,5,11,1,1,5,1,22,0,9,0,4,38
E01011549, 535 ,17,3.2,8,0,7,6,1,3,1,0,10,0,0,0,5,27
E01011553, 630 ,66,10.5,17,0,2,10,1,3,2,0,20,1,0,0,13,52
E01011685, 876 ,81,9.2,11,7,12,10,6,1,16,3,16,1,0,1,13,64
E01011687, 604 ,67,11.1,5,0,13,12,6,1,6,0,12,2,0,0,9,29
E01011690, 683 ,98,14.3,3,6,16,7,1,0,8,0,9,3,13,2,19,33
E01011692, 738 ,78,10.6,3,1,11,7,5,3,7,1,8,3,0,2,18,34
E01011693, 786 ,173,22.0,6,2,10,9,1,0,10,0,9,1,23,0,23,34
E01011694, 755 ,157,20.8,16,0,8,10,1,1,10,2,14,1,0,0,14,40
E01032876, 644 ,73,11.3,6,0,5,4,0,2,7,0,7,2,0,0,5,26
E01011442, 644 ,240,37.3,18,3,7,8,2,4,8,0,28,0,0,1,17,39
E01011443, 743 ,225,30.3,9,1,22,11,7,1,15,0,17,1,0,2,13,51
E01011444, 644 ,286,44.4,37,3,19,24,11,4,23,0,33,4,2,4,14,64
E01011451, 540 ,128,23.7,12,9,15,16,1,3,15,0,23,5,9,1,24,51
E01011668, 623 ,260,41.7,12,6,13,11,3,2,9,1,16,0,5,0,7,50
E01011669, 546 ,202,37.0,10,5,20,14,11,2,47,4,36,1,1,0,13,75
E01032946, 858 ,252,29.4,12,0,8,11,1,0,13,5,23,1,0,2,26,55
E01033008, 615 ,50,8.1,52,47,51,70,49,26,103,8,191,12,66,50,108,432
E01033010, 797 ,111,13.9,363,175,232,243,176,67,748,57,787,167,1709,521,181,2105
E01033011, 768 ,69,9.0,143,54,37,77,60,11,169,15,204,50,43,102,57,566
E01033015, 963 ,62,6.4,13,22,26,16,1,2,29,2,25,2,25,0,58,62
E01033016, 718 ,36,5.0,123,30,65,96,39,22,201,13,197,24,303,139,86,522
E01011467, 842 ,80,9.5,39,6,38,63,20,10,119,8,88,9,34,6,65,207
E01011468, 944 ,145,15.4,38,5,43,47,8,8,43,5,62,2,26,5,50,230
E01011470, 619 ,100,16.2,27,3,18,40,2,7,28,0,23,2,1,1,35,83
E01035054," 1,418 ",84,5.9,0,0,0,0,0,0,0,1,0,0,0,0,0,1
E01027922, 855 ,95,11.1,1,0,2,0,0,0,1,0,0,0,0,0,2,1
E01027914, 720 ,77,10.7,1,0,0,0,0,0,0,0,0,0,0,0,0,0
E01027891, 802 ,86,10.7,2,0,0,0,0,0,0,0,1,0,0,0,3,0
E01027923," 1,031 ",161,15.6,2,0,2,1,0,1,9,0,2,0,0,0,9,2
E01011740, 702 ,138,19.7,48,0,9,32,8,3,8,1,43,1,0,2,4,139
E01011741, 651 ,75,11.5,1,0,6,8,1,10,3,1,13,1,1,0,4,65
E01011742, 752 ,150,19.9,72,3,17,41,8,11,30,3,70,6,97,3,7,172
E01011745, 710 ,163,23.0,27,2,10,48,3,11,19,0,49,2,1,0,8,155
E01011746, 959 ,187,19.5,41,0,4,30,7,6,18,1,45,0,0,1,13,210
E01011752, 844 ,208,24.6,40,2,18,46,10,11,34,3,58,2,11,2,29,193
E01011753, 661 ,142,21.5,10,0,1,18,4,5,9,0,26,3,0,2,8,61
E01011756, 742 ,140,18.9,33,1,11,16,4,6,10,0,35,2,1,1,4,91
E01011762, 766 ,180,23.5,30,4,32,43,3,5,32,0,58,9,81,8,16,160
E01034260, 644 ,105,16.3,0,0,0,0,0,0,0,0,1,0,0,0,0,2
E01034261, 612 ,160,26.1,0,0,0,0,0,0,1,0,1,0,0,0,1,7
E01011743, 614 ,54,8.8,0,0,3,3,0,6,2,0,4,1,0,0,4,17
E01011744, 704 ,56,8.0,6,2,10,2,3,0,4,0,11,0,0,0,4,32
E01011747, 757 ,140,18.5,23,1,7,31,1,6,21,0,44,1,0,5,8,164
E01011750, 628 ,173,27.5,26,0,15,33,3,8,17,4,52,0,2,2,11,171
E01011754, 669 ,125,18.7,11,0,4,22,0,4,5,0,11,0,0,1,5,70
E01011757," 1,003 ",118,11.8,28,0,10,22,2,11,12,2,25,0,2,0,14,113
E01011759, 907 ,164,18.1,32,1,15,22,4,7,17,2,34,2,0,0,13,139
E01011761, 990 ,131,13.2,35,0,7,16,4,6,15,1,36,4,47,3,14,152
E01011763, 751 ,147,19.6,12,2,5,25,1,8,7,1,17,1,0,0,5,142
E01011764, 829 ,166,20.0,27,0,20,32,3,11,20,5,72,2,1,1,11,201
E01011748, 683 ,114,16.7,13,0,8,14,4,9,61,1,27,1,35,0,11,73
E01011751, 547 ,69,12.6,25,0,3,4,1,0,9,0,10,1,0,0,1,42
E01011755, 698 ,61,8.7,16,1,2,19,1,6,3,0,16,0,4,0,13,47
E01034262, 646 ,138,21.4,0,0,0,0,0,0,0,0,0,0,0,0,0,4
E01034263, 662 ,72,10.9,0,0,0,0,0,0,0,0,0,1,0,0,3,2
E01011873, 914 ,90,9.8,6,0,7,17,0,1,6,0,16,1,0,1,11,39
E01011877, 565 ,54,9.6,2,0,2,5,0,1,1,0,9,0,0,0,4,38
E01011894, 570 ,55,9.6,2,1,3,4,1,0,6,2,7,0,1,0,2,30
E01011895, 599 ,81,13.5,2,1,4,3,3,2,2,1,11,0,3,1,3,41
E01011875, 680 ,120,17.6,13,1,7,11,3,1,25,2,27,2,0,0,11,79
E01011876," 1,040 ",131,12.6,17,1,8,16,6,1,22,0,33,2,5,1,16,150
E01011878, 682 ,64,9.4,3,0,2,11,0,2,3,0,5,0,0,0,4,48
E01011880, 726 ,64,8.8,6,0,1,16,5,2,18,1,13,0,1,1,8,44
E01011881, 695 ,118,17.0,3,1,3,8,1,4,7,0,28,1,10,0,3,69
E01011887," 1,005 ",86,8.6,48,2,6,38,0,4,20,0,39,1,70,4,16,99
E01011893, 613 ,56,9.1,34,1,3,0,2,2,1,1,7,0,0,0,8,35
E01011896, 686 ,132,19.2,11,1,3,13,2,3,17,1,25,2,38,5,9,60
E01011897, 779 ,146,18.7,20,1,2,20,4,6,10,3,27,2,2,2,13,93
E01011874, 690 ,57,8.3,5,0,1,2,0,2,3,0,9,0,0,0,1,18
E01011879, 673 ,110,16.3,3,1,3,6,3,1,7,1,6,0,0,0,4,35
E01011882, 655 ,103,15.7,2,0,4,3,0,1,5,0,9,0,0,0,3,33
E01011883, 712 ,100,14.0,16,1,4,4,0,0,15,1,20,0,0,1,4,54
E01011805, 663 ,87,13.1,6,1,18,24,4,8,15,2,36,3,11,2,17,104
E01011807, 674 ,121,18.0,16,1,8,17,2,9,7,2,26,2,35,0,9,103
E01011808, 892 ,128,14.3,56,3,23,60,10,7,52,2,87,3,56,3,22,168
E01011810, 588 ,85,14.5,19,0,8,13,3,5,9,2,15,1,0,2,4,75
E01011803, 881 ,126,14.3,15,1,14,20,6,6,99,0,26,2,7,1,28,120
E01011804, 718 ,102,14.2,12,0,9,9,1,4,9,0,16,0,1,0,23,68
E01011806, 650 ,78,12.0,10,0,18,17,4,5,22,0,47,3,3,1,15,110
E01011809, 765 ,112,14.6,12,0,7,25,4,3,9,0,23,2,1,0,7,118
E01011811, 698 ,121,17.3,34,3,15,74,8,9,16,4,56,3,3,3,17,232
E01011835, 979 ,84,8.6,8,0,4,16,1,2,12,2,18,0,1,0,13,62
E01011836, 620 ,82,13.2,22,1,15,14,3,7,31,0,30,1,78,2,12,85
E01011839," 1,064 ",112,10.5,29,1,16,31,1,5,24,0,38,1,8,4,14,145
E01011843, 701 ,117,16.7,27,0,5,28,2,2,11,0,40,0,3,1,8,108
E01011844, 827 ,44,5.3,5,0,5,3,1,1,3,0,6,0,0,0,2,22
E01011758," 1,092 ",183,16.8,31,0,17,29,8,9,42,1,43,3,10,0,39,135
E01011812," 1,034 ",66,6.4,10,0,1,5,2,0,2,0,3,0,0,0,3,34
E01011820, 678 ,114,16.8,22,0,6,11,0,4,3,0,28,0,0,1,9,63
E01011821, 634 ,70,11.0,16,1,5,23,3,4,11,3,23,1,0,0,3,86
E01011885, 675 ,72,10.7,28,1,10,16,3,6,9,1,20,1,0,2,23,71
E01011886, 905 ,88,9.7,11,0,2,7,2,1,1,2,12,0,0,0,3,67
E01011888, 644 ,55,8.5,2,0,7,15,3,2,5,0,14,2,1,0,1,48
E01011890, 586 ,62,10.6,2,0,2,3,0,0,3,0,9,0,0,2,0,18
E01011891, 756 ,109,14.4,27,0,6,15,4,3,9,2,30,2,1,2,5,106
E01011834, 807 ,98,12.1,22,0,7,23,2,8,4,2,33,2,0,2,4,135
E01011837, 774 ,113,14.6,79,1,35,79,22,17,60,4,156,10,242,23,22,428
E01011838," 1,125 ",131,11.6,108,3,25,70,6,8,29,3,120,8,23,12,17,203
E01011841," 1,014 ",128,12.6,40,2,12,20,10,3,23,0,52,4,29,2,13,103
E01011842, 691 ,146,21.1,27,0,11,29,8,8,20,2,54,0,3,2,8,197
E01011813, 750 ,126,16.8,14,0,6,22,5,4,5,1,41,0,7,1,5,129
E01011814, 838 ,131,15.6,46,2,9,24,7,5,12,4,45,1,0,2,10,154
E01011815, 697 ,120,17.2,20,0,9,11,3,1,7,2,27,0,0,3,7,69
E01011816, 653 ,136,20.8,5,0,4,19,6,5,2,0,19,0,8,0,5,97
E01011819, 812 ,127,15.6,66,1,18,51,8,11,25,6,84,1,74,5,10,205
E01011822, 670 ,145,21.6,19,0,5,9,2,5,4,1,32,0,0,0,6,85
E01011884," 1,159 ",115,9.9,23,2,14,38,12,6,27,2,65,2,1,8,15,233
E01011912, 836 ,213,25.5,51,1,23,53,25,8,55,7,104,17,16,14,7,337
E01011913, 617 ,191,31.0,41,7,9,26,8,11,32,1,69,9,37,1,5,166
E01034264, 725 ,119,16.4,0,0,1,4,4,0,0,0,2,6,4,0,0,13
E01034265, 779 ,76,9.8,0,0,5,0,1,0,1,1,1,4,1,0,0,3
E01011840, 836 ,121,14.5,16,2,3,34,1,5,11,0,25,4,1,1,6,104
E01011850, 655 ,131,20.0,20,1,13,40,4,3,16,8,29,2,0,1,5,132
E01011852, 704 ,133,18.9,38,3,5,48,3,9,11,0,32,1,0,1,8,190
E01011853, 599 ,113,18.9,12,0,5,14,1,4,1,0,30,0,0,0,4,69
E01011920," 1,022 ",196,19.2,59,11,26,69,30,17,65,8,113,6,7,25,30,488
E01011923, 792 ,115,14.5,12,2,17,8,4,3,12,5,26,3,85,2,16,87
E01011924, 756 ,117,15.5,9,1,2,14,1,1,5,0,8,0,0,0,4,39
E01011925, 715 ,192,26.9,12,1,9,26,6,5,9,1,27,3,66,2,9,123
E01011909, 613 ,66,10.8,7,0,1,16,3,4,6,0,22,1,0,1,5,61
E01011910, 754 ,144,19.1,11,0,2,16,8,10,16,3,52,2,0,1,4,178
E01011911, 647 ,128,19.8,17,3,3,22,7,4,21,2,29,1,0,6,3,159
E01011914, 706 ,125,17.7,2,1,4,17,11,4,6,1,23,2,0,2,4,124
E01011915, 650 ,118,18.2,29,3,8,16,14,9,17,1,30,4,2,6,5,145
E01011823, 686 ,104,15.2,13,1,3,4,3,2,6,1,7,0,0,0,11,46
E01011824, 709 ,123,17.3,9,1,11,10,2,5,9,1,17,0,0,0,13,85
E01011825, 814 ,96,11.8,8,0,13,19,1,9,15,0,17,0,3,0,15,60
E01011826, 647 ,58,9.0,15,0,5,4,3,3,3,1,11,2,1,0,3,46
E01011827, 549 ,59,10.7,6,0,6,9,1,5,6,0,18,0,0,1,10,38
E01011828, 688 ,134,19.5,15,1,8,14,1,4,5,0,17,3,1,0,9,52
E01011889, 667 ,48,7.2,9,0,4,7,3,5,63,3,28,1,6,0,8,58
E01011892, 800 ,87,10.9,18,0,4,14,3,3,10,0,30,1,8,0,6,73
E01011919, 853 ,162,19.0,6,1,4,20,11,4,36,2,31,4,14,3,13,114
E01011921, 650 ,119,18.3,33,2,3,8,4,6,7,0,29,4,94,3,9,84
E01011926, 676 ,154,22.8,11,0,12,17,4,4,14,2,39,2,36,3,8,118
E01011927, 615 ,121,19.7,4,0,5,11,4,7,14,0,22,0,0,2,12,84
E01011845, 833 ,68,8.2,3,0,6,4,0,1,4,0,4,0,0,1,10,16
E01011846, 616 ,84,13.6,2,1,7,11,1,1,16,0,8,1,4,0,5,47
E01011847, 631 ,77,12.2,7,0,2,3,1,1,1,1,5,0,0,1,3,34
E01011848, 630 ,72,11.4,11,0,4,9,1,2,1,0,9,0,0,0,1,53
E01011851, 726 ,147,20.2,12,1,9,14,3,1,7,1,12,0,0,1,6,69
E01011776, 672 ,123,18.3,11,0,6,28,6,7,11,2,29,1,3,4,4,106
E01011777, 661 ,130,19.7,10,0,2,8,5,2,1,2,17,0,0,0,4,91
E01011778, 723 ,152,21.0,8,0,1,9,5,1,5,1,12,0,1,0,1,42
E01011817, 648 ,122,18.8,7,0,5,16,0,3,6,0,22,2,0,0,0,59
E01011818, 630 ,111,17.6,10,0,6,17,3,4,11,1,11,0,0,0,3,54
E01034267, 607 ,39,6.4,0,0,0,0,0,0,0,0,0,0,0,0,0,1
E01034268, 547 ,57,10.4,0,0,0,0,4,0,0,0,7,0,0,0,0,3
E01011829, 634 ,78,12.3,6,0,4,9,4,10,2,3,9,0,0,0,6,69
E01011830, 745 ,72,9.7,63,2,11,31,1,4,22,2,64,6,95,2,1,115
E01011831, 824 ,98,11.9,11,0,8,7,2,4,11,2,26,1,0,1,8,72
E01011832, 681 ,129,18.9,7,0,6,12,4,2,4,0,18,1,0,0,4,87
E01011833, 680 ,66,9.7,15,1,6,7,2,3,2,1,17,1,0,0,10,83
E01011899, 610 ,158,25.9,23,5,8,40,2,6,11,1,60,0,0,0,9,173
E01011900, 775 ,129,16.6,18,0,5,24,7,5,6,1,28,3,22,3,4,88
E01011901, 610 ,182,29.8,9,0,4,23,0,3,11,3,24,0,3,0,2,120
E01011904, 579 ,143,24.7,33,0,1,25,2,4,14,1,26,1,1,3,4,157
E01011918, 961 ,178,18.5,13,1,5,28,9,6,9,0,22,0,0,1,11,153
E01011922, 650 ,102,15.7,30,0,8,46,3,5,21,1,46,0,0,1,8,179
E01011779, 632 ,120,19.0,14,0,3,16,2,4,2,0,45,0,0,1,5,127
E01011780, 871 ,176,20.2,16,0,12,48,2,4,17,1,55,2,54,2,8,190
E01011781," 1,119 ",205,18.3,15,3,6,25,4,5,10,2,33,3,5,1,16,128
E01011782, 707 ,106,15.0,9,1,1,9,1,4,2,1,14,0,0,1,2,63
E01011783, 798 ,152,19.0,25,1,8,24,7,8,24,1,27,1,29,2,19,130
E01011902, 679 ,93,13.7,20,0,12,38,9,7,148,2,42,4,15,1,23,101
E01011903, 640 ,66,10.3,10,1,6,32,6,2,18,1,43,1,38,1,7,163
E01011905, 731 ,72,9.8,13,0,4,18,6,4,7,1,19,0,1,1,3,70
E01011907, 939 ,187,19.9,54,10,33,54,20,16,35,2,93,12,130,8,21,233
E01011793, 773 ,99,12.8,8,2,4,10,1,3,13,1,20,0,5,0,12,59
E01011794, 617 ,88,14.3,5,0,1,10,3,6,8,2,21,0,1,0,8,95
E01011795, 620 ,102,16.5,1,0,5,8,2,1,3,0,22,1,1,0,6,61
E01011796, 696 ,69,9.9,4,0,2,6,1,4,6,0,12,0,0,0,6,56
E01011799, 773 ,124,16.0,6,0,3,13,5,4,10,2,15,0,0,1,11,69
E01011800, 766 ,97,12.7,18,0,5,8,3,5,12,0,10,0,0,0,14,74
E01011898, 753 ,124,16.5,18,3,17,34,9,4,20,2,30,3,21,3,27,123
E01011906, 708 ,158,22.3,22,3,10,30,13,8,14,1,36,0,0,2,12,150
E01011908," 1,048 ",205,19.6,26,3,23,16,19,8,27,2,39,6,44,4,22,127
E01011917, 817 ,214,26.2,27,2,24,29,15,9,27,2,46,4,3,1,15,163
E01011944, 609 ,147,24.1,21,2,10,25,16,4,16,1,23,4,0,1,5,77
E01011797, 788 ,61,7.7,2,0,1,3,0,3,3,0,7,0,0,0,7,23
E01011798, 697 ,153,22.0,12,1,2,12,2,6,5,0,24,1,24,0,13,81
E01011801, 664 ,125,18.8,11,2,8,16,7,6,7,2,19,0,0,2,15,72
E01011802, 667 ,98,14.7,12,0,2,11,3,2,3,1,15,0,0,0,10,58
E01011765, 842 ,110,13.1,14,0,3,10,2,8,5,0,20,1,1,0,9,86
E01011766, 696 ,74,10.6,19,1,13,18,7,8,4,1,31,0,2,0,6,61
E01011773, 631 ,64,10.1,6,1,8,2,1,1,2,0,5,0,1,0,6,27
E01011774, 660 ,100,15.2,9,0,3,10,4,2,15,1,10,0,2,1,21,58
E01011939, 649 ,57,8.8,27,1,4,12,4,2,15,6,36,0,46,1,1,81
E01011945, 685 ,60,8.8,13,0,9,15,2,2,11,2,13,1,0,2,5,44
E01011947, 698 ,56,8.0,2,0,2,0,0,0,4,0,4,1,0,1,0,16
E01011948, 714 ,64,9.0,7,0,4,4,3,0,3,0,6,1,0,0,5,21
E01011767, 785 ,110,14.0,8,0,6,10,3,4,9,0,6,1,0,1,6,30
E01011768, 616 ,85,13.8,4,1,2,11,0,5,4,1,7,0,12,0,9,32
E01011770, 843 ,132,15.7,8,0,6,11,1,4,13,1,18,0,34,0,10,51
E01011849, 745 ,95,12.8,7,0,10,11,2,4,22,0,14,1,1,1,19,45
E01011857, 755 ,101,13.4,12,0,16,9,0,3,4,0,5,1,0,0,18,31
E01034269, 684 ,74,10.8,0,0,0,0,0,0,0,1,0,0,0,0,0,5
E01034270, 732 ,61,8.3,0,0,0,1,0,0,0,0,0,0,0,0,0,3
E01011928, 662 ,114,17.2,10,0,3,2,1,3,3,0,3,0,0,0,1,35
E01011931, 648 ,88,13.6,8,0,1,5,1,1,1,1,9,0,0,0,4,33
E01011932, 631 ,60,9.5,8,0,14,2,1,1,11,0,9,1,1,0,11,40
E01011938, 616 ,85,13.8,20,1,7,9,2,21,5,1,11,1,3,1,7,110
E01011929, 997 ,96,9.6,11,0,8,11,2,2,8,0,17,1,1,0,4,47
E01011930, 750 ,94,12.5,6,0,7,3,1,0,12,0,19,0,2,0,16,47
E01011933, 706 ,100,14.2,16,1,14,11,0,4,10,1,26,1,1,0,7,56
E01011937, 635 ,66,10.4,12,0,3,10,1,4,60,0,13,0,3,0,12,45
E01011934, 717 ,83,11.6,19,0,2,9,3,1,4,1,10,0,0,0,7,40
E01011936, 689 ,124,18.0,8,0,3,15,1,1,8,0,23,0,3,1,9,86
E01011940, 701 ,115,16.4,14,0,7,8,1,0,3,0,35,0,1,1,6,83
E01011943, 982 ,135,13.7,22,0,8,22,6,6,7,0,34,2,0,2,5,120
E01011935, 841 ,81,9.6,9,0,6,6,6,6,56,0,24,0,6,0,21,27
E01011941, 720 ,96,13.3,5,0,6,6,0,3,6,0,10,0,1,0,2,34
E01011942, 595 ,64,10.8,8,0,5,21,4,6,6,2,12,1,0,0,9,32
E01011946, 646 ,73,11.3,5,0,2,4,0,1,4,0,4,0,0,0,1,23
E01011785, 943 ,165,17.5,8,0,7,12,3,3,9,1,16,0,0,1,13,105
E01011789, 577 ,149,25.8,63,1,12,20,6,5,23,2,57,4,0,4,13,143
E01011791, 655 ,148,22.6,9,1,2,17,0,4,10,0,19,2,16,1,3,67
E01011792, 639 ,188,29.4,20,0,4,12,3,10,15,4,43,4,0,1,6,111
E01011771, 622 ,114,18.3,51,0,4,8,0,4,7,1,24,0,0,0,9,47
E01011772, 744 ,142,19.1,11,0,3,19,3,8,8,2,12,1,0,0,14,59
E01011784, 796 ,152,19.1,21,0,9,21,2,5,6,0,23,2,0,0,10,54
E01011786, 648 ,128,19.8,17,1,5,20,0,4,12,1,10,1,4,0,13,72
E01011854, 679 ,141,20.8,10,0,10,22,3,7,11,0,20,1,0,0,12,85
E01011855, 661 ,99,15.0,15,0,6,13,5,3,7,0,21,0,0,1,12,48
E01011856, 622 ,148,23.8,12,1,15,19,4,4,13,0,23,1,0,0,13,71
E01011858, 746 ,117,15.7,18,0,7,29,1,7,7,0,24,1,0,0,24,73
E01011787, 784 ,137,17.5,20,4,13,22,3,2,11,1,35,2,19,4,9,138
E01011788, 769 ,111,14.4,11,1,15,11,5,1,14,1,11,0,0,1,8,48
E01011790, 799 ,173,21.7,19,1,29,32,4,6,20,3,31,0,29,3,20,140
E01011865, 761 ,138,18.1,5,1,9,19,4,1,7,0,23,1,0,0,13,92
E01011867, 705 ,134,19.0,19,1,16,32,3,6,11,2,56,4,118,2,16,159
E01011859, 698 ,150,21.5,20,1,11,19,4,8,7,5,23,1,70,1,11,92
E01011869, 684 ,217,31.7,27,6,23,24,16,5,26,3,44,1,75,0,11,131
E01011870, 656 ,86,13.1,10,1,11,11,1,1,16,2,19,2,0,0,4,76
E01011871, 687 ,125,18.2,47,0,18,25,7,9,15,3,41,1,4,0,12,96
E01011860, 666 ,106,15.9,15,1,29,26,3,6,30,0,16,3,15,3,39,66
E01011861, 844 ,115,13.6,11,0,7,18,6,5,8,2,13,1,0,1,17,71
E01011862, 958 ,150,15.7,18,1,17,22,4,2,27,2,24,1,6,0,17,126
E01011863, 668 ,172,25.7,14,0,9,36,10,22,20,2,50,3,34,1,13,136
E01011864, 685 ,160,23.4,27,1,12,14,1,5,8,2,21,0,0,0,4,85
E01011866, 720 ,122,16.9,22,0,14,18,5,6,8,0,27,1,42,0,7,91
E01011868, 903 ,102,11.3,14,2,27,40,7,10,21,4,36,1,7,1,34,191
E01011872, 653 ,133,20.4,19,1,9,37,6,11,23,4,35,1,67,5,15,155
